id,blue,red_one,red_two,red_three,red_four,red_five,red_six,date
03001,11,10,11,12,13,26,28,2003-02-23
03002,12,04,09,19,20,21,26,2003-02-27
03003,16,01,07,10,23,28,32,2003-03-02
03004,03,04,06,07,10,13,25,2003-03-06
03005,16,04,06,15,17,30,31,2003-03-09
03006,06,01,03,10,21,26,27,2003-03-13
03007,07,01,09,19,21,23,26,2003-03-16
03008,08,05,08,09,14,17,23,2003-03-20
03009,09,05,09,18,20,22,30,2003-03-23
03010,13,01,02,08,13,17,24,2003-03-27
03011,15,04,05,11,12,30,32,2003-03-30
03012,12,02,12,16,17,27,30,2003-04-03
03013,12,08,13,17,21,23,32,2003-04-06
03014,02,03,05,07,08,21,31,2003-04-10
03015,13,04,11,19,25,26,32,2003-04-13
03016,06,11,17,28,30,31,33,2003-04-17
03017,06,05,08,18,23,25,31,2003-04-20
03018,13,05,16,19,20,25,28,2003-04-24
03019,09,04,08,12,13,16,33,2003-04-27
03020,04,07,10,25,26,27,32,2003-05-01
03021,01,14,15,18,25,26,30,2003-05-04
03022,08,02,07,11,12,14,32,2003-05-08
03023,02,01,10,20,22,26,31,2003-05-11
03024,14,02,07,15,17,22,30,2003-05-15
03025,12,01,05,11,13,14,27,2003-05-18
03026,16,08,13,15,26,29,31,2003-05-22
03027,15,01,11,14,17,27,28,2003-05-25
03028,07,06,13,16,20,28,32,2003-05-29
03029,10,02,07,15,26,29,32,2003-06-01
03030,07,02,06,13,14,23,27,2003-06-05
03031,01,11,17,20,22,28,32,2003-06-08
03032,13,04,11,25,27,29,30,2003-06-12
03033,10,01,07,14,20,27,30,2003-06-15
03034,14,08,13,14,16,23,25,2003-06-19
03035,08,03,04,05,08,10,11,2003-06-22
03036,15,07,21,24,25,27,28,2003-06-26
03037,07,09,14,17,18,26,32,2003-06-29
03038,16,05,07,08,24,25,27,2003-07-03
03039,03,03,05,23,24,27,32,2003-07-06
03040,16,04,05,06,12,14,23,2003-07-10
03041,11,02,03,17,18,24,25,2003-07-13
03042,07,03,05,07,10,15,20,2003-07-17
03043,13,02,08,10,19,20,32,2003-07-20
03044,15,02,05,09,16,32,33,2003-07-24
03045,03,03,07,14,15,17,32,2003-07-27
03046,11,07,08,10,11,17,26,2003-07-31
03047,16,03,17,26,28,32,33,2003-08-03
03048,09,10,12,20,28,30,31,2003-08-07
03049,15,03,06,07,13,24,25,2003-08-10
03050,13,02,08,17,23,24,26,2003-08-14
03051,01,04,13,15,17,24,27,2003-08-17
03052,11,01,12,13,23,30,31,2003-08-21
03053,13,15,19,20,21,28,29,2003-08-24
03054,12,02,05,09,21,31,33,2003-08-28
03055,16,06,13,16,21,28,31,2003-08-31
03056,07,08,17,21,26,28,29,2003-09-04
03057,16,18,19,24,25,30,31,2003-09-07
03058,02,09,11,16,28,32,33,2003-09-11
03059,04,02,03,05,06,18,30,2003-09-14
03060,11,02,04,06,17,21,28,2003-09-18
03061,02,03,05,20,21,28,32,2003-09-21
03062,14,01,06,12,19,20,32,2003-09-25
03063,11,05,08,09,14,21,33,2003-09-28
03064,01,04,06,08,12,15,30,2003-10-02
03065,11,06,15,16,17,30,33,2003-10-05
03066,14,03,07,08,20,24,32,2003-10-09
03067,10,05,11,12,13,27,31,2003-10-12
03068,11,09,19,25,27,32,33,2003-10-16
03069,11,07,11,16,19,26,28,2003-10-19
03070,08,01,02,04,17,18,19,2003-10-23
03071,11,09,11,12,14,15,33,2003-10-26
03072,11,03,06,08,11,19,27,2003-10-30
03073,13,02,12,14,21,23,30,2003-11-02
03074,01,02,12,19,22,27,32,2003-11-06
03075,11,16,17,19,22,31,33,2003-11-09
03076,02,01,13,16,18,20,29,2003-11-13
03077,06,04,12,16,22,24,25,2003-11-16
03078,11,07,12,23,26,29,30,2003-11-20
03079,04,12,15,22,23,26,31,2003-11-23
03080,10,09,20,24,25,28,30,2003-11-27
03081,07,01,02,14,26,29,30,2003-11-30
03082,14,07,17,18,19,30,31,2003-12-04
03083,01,01,03,14,18,26,28,2003-12-07
03084,03,02,06,07,10,17,33,2003-12-11
03085,14,01,04,11,12,19,27,2003-12-14
03086,13,05,12,16,18,26,30,2003-12-18
03087,13,02,03,04,05,24,28,2003-12-21
03088,12,03,10,21,22,24,33,2003-12-25
03089,16,18,19,21,26,27,33,2003-12-28
04001,07,01,02,03,07,10,25,2004-01-01
04002,11,10,12,18,22,30,31,2004-01-04
04003,08,03,05,06,17,26,33,2004-01-08
04004,09,10,19,22,23,25,29,2004-01-11
04005,07,09,11,13,16,17,18,2004-01-15
04006,06,04,12,18,20,23,32,2004-01-18
04007,09,04,12,17,20,25,28,2004-01-29
04008,13,01,07,10,22,32,33,2004-02-01
04009,11,01,09,10,16,22,24,2004-02-05
04010,15,06,07,08,13,14,19,2004-02-08
04011,03,01,04,13,23,28,30,2004-02-12
04012,08,01,07,27,30,31,33,2004-02-15
04013,13,12,14,21,29,30,32,2004-02-19
04014,12,03,07,11,17,20,26,2004-02-22
04015,13,01,03,05,18,22,23,2004-02-26
04016,05,04,07,08,28,30,32,2004-02-29
04017,09,05,12,14,15,25,31,2004-03-04
04018,06,02,05,06,08,28,30,2004-03-07
04019,04,05,10,11,23,24,32,2004-03-11
04020,04,01,02,09,22,28,31,2004-03-14
04021,10,05,09,11,17,26,27,2004-03-18
04022,06,03,10,14,19,20,30,2004-03-21
04023,03,01,08,14,17,19,30,2004-03-25
04024,06,01,13,21,23,25,32,2004-03-28
04025,04,07,08,10,24,29,33,2004-04-01
04026,15,04,10,14,18,28,32,2004-04-04
04027,11,01,05,09,10,18,32,2004-04-08
04028,12,01,02,03,05,10,22,2004-04-11
04029,05,09,13,20,22,24,32,2004-04-15
04030,05,01,07,09,17,26,31,2004-04-18
04031,11,03,06,19,20,21,24,2004-04-22
04032,13,02,05,08,11,15,31,2004-04-25
04033,01,01,04,08,09,19,20,2004-04-29
04034,14,02,07,13,20,27,30,2004-05-02
04035,16,02,08,26,27,30,32,2004-05-06
04036,01,02,13,17,18,26,30,2004-05-09
04037,05,03,04,11,17,20,26,2004-05-13
04038,07,11,16,17,25,28,29,2004-05-16
04039,03,10,16,18,25,26,29,2004-05-20
04040,11,07,17,19,20,21,29,2004-05-23
04041,14,08,10,17,22,25,29,2004-05-27
04042,02,06,10,13,17,18,21,2004-05-30
04043,10,04,09,10,21,22,24,2004-06-03
04044,05,02,06,07,12,31,32,2004-06-06
04045,13,01,12,18,26,27,28,2004-06-10
04046,14,07,15,16,22,23,32,2004-06-13
04047,06,01,07,08,11,27,31,2004-06-17
04048,09,08,09,11,16,17,29,2004-06-20
04049,09,11,12,14,16,25,29,2004-06-24
04050,02,06,07,19,21,25,29,2004-06-27
04051,11,02,03,09,10,15,29,2004-07-01
04052,09,01,12,14,15,17,29,2004-07-04
04053,02,02,03,04,09,24,25,2004-07-08
04054,11,09,11,14,16,27,28,2004-07-11
04055,07,06,08,19,25,29,32,2004-07-15
04056,02,01,20,21,25,29,30,2004-07-18
04057,04,05,21,23,25,28,32,2004-07-22
04058,12,01,08,11,12,27,31,2004-07-25
04059,10,04,07,11,19,23,26,2004-07-29
04060,15,03,05,11,24,27,28,2004-08-01
04061,09,13,16,19,20,23,33,2004-08-05
04062,13,01,12,25,27,28,29,2004-08-08
04063,07,07,10,13,16,27,28,2004-08-12
04064,04,14,15,18,20,27,31,2004-08-15
04065,08,13,14,27,29,32,33,2004-08-19
04066,03,05,13,20,23,24,25,2004-08-22
04067,04,01,06,07,13,16,32,2004-08-24
04068,15,02,08,11,13,24,31,2004-08-26
04069,05,02,11,15,20,22,29,2004-08-29
04070,06,10,12,21,22,30,33,2004-08-31
04071,06,03,08,16,17,21,29,2004-09-02
04072,14,08,15,18,28,30,33,2004-09-05
04073,16,02,07,13,16,23,28,2004-09-07
04074,13,05,06,15,19,26,29,2004-09-09
04075,07,07,18,21,26,27,28,2004-09-12
04076,07,03,05,13,17,25,31,2004-09-14
04077,07,08,09,10,14,16,26,2004-09-16
04078,05,04,05,10,21,24,26,2004-09-19
04079,03,07,13,14,17,19,30,2004-09-21
04080,16,03,08,20,23,24,26,2004-09-23
04081,06,03,05,21,24,27,32,2004-09-26
04082,15,03,20,24,27,29,30,2004-09-28
04083,06,14,16,27,28,30,33,2004-09-30
04084,14,01,04,08,11,21,25,2004-10-03
04085,01,03,08,11,29,30,32,2004-10-05
04086,01,10,13,18,19,25,27,2004-10-07
04087,14,01,03,07,08,25,26,2004-10-10
04088,14,02,10,19,22,24,32,2004-10-12
04089,14,14,17,20,25,28,30,2004-10-14
04090,12,01,18,20,24,32,33,2004-10-17
04091,01,09,13,14,21,30,33,2004-10-19
04092,02,01,04,08,13,28,31,2004-10-21
04093,05,11,14,20,27,32,33,2004-10-24
04094,08,05,09,10,13,24,25,2004-10-26
04095,01,19,22,27,28,30,32,2004-10-28
04096,15,01,04,12,16,20,30,2004-10-31
04097,14,10,19,20,26,29,31,2004-11-02
04098,03,03,12,13,25,26,31,2004-11-04
04099,02,05,10,21,22,26,33,2004-11-07
04100,15,06,08,09,14,24,33,2004-11-09
04101,15,02,09,14,19,25,26,2004-11-11
04102,01,03,09,12,15,28,32,2004-11-14
04103,02,02,03,05,09,16,21,2004-11-16
04104,05,07,11,17,18,24,29,2004-11-18
04105,12,07,09,10,21,23,30,2004-11-21
04106,12,10,15,23,26,28,29,2004-11-23
04107,07,01,08,12,13,18,20,2004-11-25
04108,12,08,13,14,27,28,31,2004-11-28
04109,14,06,08,10,17,30,31,2004-11-30
04110,11,14,19,20,21,22,31,2004-12-02
04111,02,11,16,18,20,26,31,2004-12-05
04112,06,09,13,15,21,26,33,2004-12-07
04113,07,08,10,23,25,31,32,2004-12-10
04114,01,01,06,09,17,21,22,2004-12-13
04115,01,02,16,20,30,31,33,2004-12-14
04116,03,01,03,05,08,14,33,2004-12-16
04117,07,01,03,07,14,24,25,2004-12-19
04118,15,03,04,07,12,30,31,2004-12-21
04119,06,06,09,18,20,25,33,2004-12-23
04120,10,07,08,18,21,27,32,2004-12-26
04121,10,07,13,16,18,30,32,2004-12-28
04122,15,03,11,14,22,24,31,2004-12-30
05001,14,01,07,08,23,27,28,2005-01-02
05002,14,06,09,20,26,28,33,2005-01-04
05003,16,09,12,15,19,22,31,2005-01-06
05004,03,01,04,08,09,22,23,2005-01-09
05005,15,05,09,20,26,28,33,2005-01-11
05006,16,02,04,05,15,21,31,2005-01-13
05007,15,07,15,17,20,23,33,2005-01-16
05008,11,11,19,22,27,32,33,2005-01-18
05009,14,02,17,22,27,29,31,2005-01-20
05010,01,08,10,11,18,25,26,2005-01-23
05011,15,09,11,13,15,22,30,2005-01-25
05012,05,02,03,06,16,22,31,2005-01-27
05013,06,07,08,16,19,20,24,2005-01-30
05014,05,13,19,21,23,30,32,2005-02-01
05015,15,04,08,09,16,17,29,2005-02-03
05016,15,01,05,06,12,16,30,2005-02-06
05017,03,02,06,10,25,27,31,2005-02-16
05018,06,01,03,06,22,23,25,2005-02-17
05019,08,06,11,12,13,19,22,2005-02-20
05020,05,14,16,19,20,25,29,2005-02-22
05021,16,02,06,24,26,30,31,2005-02-24
05022,04,08,10,12,21,32,33,2005-02-27
05023,12,10,15,19,20,21,25,2005-03-01
05024,13,05,09,14,27,31,32,2005-03-03
05025,07,01,07,10,11,13,32,2005-03-06
05026,07,06,12,14,20,25,26,2005-03-08
05027,15,01,03,04,06,21,32,2005-03-10
05028,10,04,09,22,25,26,32,2005-03-13
05029,14,02,14,21,22,27,30,2005-03-15
05030,05,01,05,09,14,22,28,2005-03-17
05031,07,04,10,16,20,23,32,2005-03-20
05032,03,05,15,19,20,25,29,2005-03-22
05033,07,07,08,12,14,19,20,2005-03-24
05034,09,05,17,18,25,28,32,2005-03-27
05035,14,12,16,21,28,29,30,2005-03-29
05036,15,12,19,20,21,26,31,2005-03-31
05037,16,07,12,14,22,24,32,2005-04-03
05038,16,04,07,11,20,27,28,2005-04-05
05039,09,02,16,18,19,21,29,2005-04-07
05040,13,01,12,21,24,30,32,2005-04-10
05041,03,02,11,16,23,24,29,2005-04-12
05042,15,11,16,21,26,27,30,2005-04-14
05043,05,04,05,06,07,08,32,2005-04-17
05044,09,01,06,16,17,18,22,2005-04-19
05045,10,01,07,10,15,18,20,2005-04-21
05046,05,09,16,18,20,22,24,2005-04-24
05047,15,02,03,05,07,08,27,2005-04-26
05048,02,06,07,08,10,16,28,2005-04-28
05049,12,02,03,08,10,25,27,2005-05-01
05050,13,02,09,12,20,26,32,2005-05-03
05051,02,03,06,14,19,20,21,2005-05-05
05052,01,01,02,14,17,30,32,2005-05-08
05053,09,04,07,10,14,27,29,2005-05-10
05054,14,05,13,17,18,21,29,2005-05-12
05055,09,05,20,22,30,32,33,2005-05-15
05056,09,12,17,19,27,29,31,2005-05-17
05057,13,05,06,10,15,30,31,2005-05-19
05058,10,04,06,10,21,25,26,2005-05-22
05059,07,07,11,14,18,24,29,2005-05-24
05060,13,09,12,21,25,31,33,2005-05-26
05061,01,05,09,14,21,23,24,2005-05-29
05062,07,02,07,11,12,20,23,2005-05-31
05063,04,02,11,13,18,22,30,2005-06-02
05064,08,10,18,23,27,30,32,2005-06-05
05065,16,12,16,17,21,22,23,2005-06-07
05066,05,02,04,10,11,25,28,2005-06-09
05067,16,03,12,16,20,21,26,2005-06-12
05068,13,01,08,10,13,25,33,2005-06-14
05069,12,07,09,21,24,31,33,2005-06-16
05070,04,03,04,08,14,16,26,2005-06-19
05071,10,04,08,12,14,16,22,2005-06-21
05072,11,06,10,19,20,24,33,2005-06-23
05073,01,01,06,08,09,18,20,2005-06-26
05074,09,06,09,18,20,26,29,2005-06-28
05075,14,11,13,14,16,18,31,2005-06-30
05076,13,04,09,11,22,25,28,2005-07-03
05077,16,08,17,22,24,32,33,2005-07-05
05078,11,03,11,15,20,26,32,2005-07-07
05079,05,03,09,20,24,25,28,2005-07-10
05080,16,01,12,14,26,27,32,2005-07-12
05081,03,02,04,10,12,26,30,2005-07-14
05082,12,01,07,11,14,19,20,2005-07-17
05083,13,03,05,09,14,16,30,2005-07-19
05084,03,01,02,07,15,19,20,2005-07-21
05085,12,08,09,13,14,20,22,2005-07-24
05086,12,07,11,12,24,27,29,2005-07-26
05087,08,08,09,15,16,23,26,2005-07-28
05088,07,01,03,07,18,20,24,2005-07-31
05089,12,05,19,20,23,26,31,2005-08-02
05090,03,01,09,21,25,29,32,2005-08-04
05091,13,01,11,12,15,26,27,2005-08-07
05092,10,08,13,19,26,28,31,2005-08-09
05093,14,04,06,17,23,25,29,2005-08-11
05094,03,03,05,09,23,27,33,2005-08-14
05095,05,09,12,18,21,28,29,2005-08-16
05096,04,04,05,17,18,26,33,2005-08-18
05097,15,05,10,23,27,28,30,2005-08-21
05098,01,12,15,19,22,31,33,2005-08-23
05099,09,10,13,16,22,24,31,2005-08-25
05100,03,02,04,09,14,16,31,2005-08-28
05101,12,09,16,19,21,22,24,2005-08-30
05102,12,02,05,06,14,24,31,2005-09-01
05103,07,04,07,16,18,23,30,2005-09-04
05104,09,02,04,21,23,30,33,2005-09-06
05105,03,04,15,23,30,32,33,2005-09-08
05106,13,01,11,13,24,26,31,2005-09-11
05107,11,09,10,20,24,25,26,2005-09-13
05108,06,03,10,12,24,29,30,2005-09-15
05109,04,03,05,13,15,17,31,2005-09-18
05110,09,07,10,16,19,24,25,2005-09-20
05111,09,03,07,15,16,19,29,2005-09-22
05112,16,04,12,22,28,29,30,2005-09-25
05113,03,15,18,20,22,26,27,2005-09-27
05114,06,06,07,10,15,21,27,2005-09-29
05115,02,03,12,18,23,30,33,2005-10-02
05116,10,04,06,08,14,15,30,2005-10-04
05117,03,06,17,22,27,28,32,2005-10-06
05118,16,04,09,12,15,26,31,2005-10-09
05119,02,01,07,11,18,20,22,2005-10-11
05120,14,01,06,13,18,30,32,2005-10-13
05121,12,01,07,20,25,31,32,2005-10-16
05122,09,01,04,07,14,30,32,2005-10-18
05123,07,11,12,13,17,18,25,2005-10-20
05124,11,05,06,10,19,31,33,2005-10-23
05125,03,06,14,18,28,31,32,2005-10-25
05126,09,02,08,13,19,25,26,2005-10-27
05127,12,04,06,11,14,23,25,2005-10-30
05128,15,02,04,14,23,29,33,2005-11-01
05129,03,05,10,14,20,27,33,2005-11-03
05130,16,03,05,09,15,20,25,2005-11-06
05131,03,02,07,10,11,12,24,2005-11-08
05132,15,02,04,10,18,27,29,2005-11-10
05133,11,01,07,14,16,18,25,2005-11-13
05134,01,04,13,14,18,26,30,2005-11-15
05135,11,01,05,13,15,21,25,2005-11-17
05136,13,05,14,16,18,25,27,2005-11-20
05137,12,03,09,15,23,25,33,2005-11-22
05138,13,03,05,06,11,20,22,2005-11-24
05139,10,02,07,20,23,32,33,2005-11-27
05140,07,04,06,07,08,12,17,2005-11-29
05141,15,03,05,08,12,16,19,2005-12-01
05142,05,07,10,12,17,22,29,2005-12-04
05143,08,03,10,15,17,20,32,2005-12-06
05144,09,01,08,14,15,19,27,2005-12-08
05145,15,03,07,08,17,20,28,2005-12-11
05146,02,07,11,19,20,24,28,2005-12-13
05147,10,06,07,15,27,28,30,2005-12-15
05148,13,03,15,17,23,24,29,2005-12-18
05149,07,11,16,21,23,25,32,2005-12-20
05150,02,03,07,10,14,18,20,2005-12-22
05151,05,04,11,12,13,19,30,2005-12-25
05152,03,01,05,12,14,21,27,2005-12-27
05153,01,04,05,07,21,26,29,2005-12-29
06001,03,01,12,15,19,21,28,2006-01-01
06002,09,07,13,16,21,26,28,2006-01-03
06003,12,02,04,05,06,16,20,2006-01-05
06004,07,04,08,17,27,28,31,2006-01-08
06005,11,03,19,20,24,26,27,2006-01-10
06006,14,08,21,22,23,26,32,2006-01-12
06007,07,04,16,18,27,32,33,2006-01-15
06008,16,03,05,09,18,28,32,2006-01-17
06009,06,05,06,08,20,26,30,2006-01-19
06010,08,04,06,12,19,27,29,2006-01-22
06011,11,05,07,08,14,27,31,2006-01-24
06012,10,09,11,13,27,31,33,2006-01-26
06013,11,01,05,06,12,16,21,2006-02-05
06014,07,06,14,26,29,32,33,2006-02-07
06015,03,02,03,09,15,29,32,2006-02-09
06016,16,01,07,13,17,23,30,2006-02-12
06017,02,03,04,08,31,32,33,2006-02-14
06018,05,01,13,14,17,24,26,2006-02-16
06019,07,04,06,13,22,26,32,2006-02-19
06020,06,05,09,21,23,26,29,2006-02-21
06021,09,01,02,05,20,21,22,2006-02-23
06022,13,02,03,04,13,16,27,2006-02-26
06023,08,04,13,14,19,23,28,2006-02-28
06024,06,02,07,09,11,21,27,2006-03-02
06025,05,03,04,17,19,24,32,2006-03-05
06026,03,01,02,18,22,29,32,2006-03-07
06027,15,06,08,11,14,16,27,2006-03-09
06028,04,05,07,14,16,17,27,2006-03-12
06029,08,03,04,07,09,14,19,2006-03-14
06030,14,08,13,15,17,20,32,2006-03-16
06031,14,03,10,12,16,31,32,2006-03-19
06032,09,05,18,20,24,26,31,2006-03-21
06033,06,15,20,22,23,27,31,2006-03-23
06034,13,02,10,15,16,17,33,2006-03-26
06035,13,03,09,13,21,27,29,2006-03-28
06036,09,04,07,10,16,17,21,2006-03-30
06037,14,02,12,23,24,25,32,2006-04-02
06038,10,02,14,17,19,22,30,2006-04-04
06039,03,16,19,22,28,31,32,2006-04-06
06040,03,15,22,25,26,28,33,2006-04-09
06041,04,03,10,16,18,21,28,2006-04-11
06042,11,03,16,23,26,28,31,2006-04-13
06043,03,05,12,13,16,23,32,2006-04-16
06044,05,02,10,18,21,30,31,2006-04-18
06045,04,06,07,10,14,20,21,2006-04-20
06046,08,13,18,23,29,31,32,2006-04-23
06047,03,02,17,20,22,28,32,2006-04-25
06048,12,09,13,19,25,29,32,2006-04-27
06049,03,06,10,12,13,17,20,2006-04-30
06050,07,02,06,12,15,25,31,2006-05-02
06051,16,02,06,07,17,27,30,2006-05-04
06052,03,11,24,26,27,30,32,2006-05-07
06053,02,01,11,17,27,28,31,2006-05-09
06054,04,03,05,07,10,28,30,2006-05-11
06055,11,04,05,28,29,31,33,2006-05-14
06056,08,11,13,15,21,23,25,2006-05-16
06057,08,03,04,17,18,21,31,2006-05-18
06058,14,01,12,22,23,24,25,2006-05-21
06059,11,05,10,15,17,27,29,2006-05-23
06060,14,05,15,19,23,30,32,2006-05-25
06061,11,05,13,17,19,25,30,2006-05-28
06062,01,18,22,23,24,26,30,2006-05-30
06063,08,04,05,15,21,23,24,2006-06-01
06064,11,03,12,14,21,24,28,2006-06-04
06065,13,04,08,17,28,29,30,2006-06-06
06066,05,06,08,11,18,30,33,2006-06-08
06067,13,07,08,11,16,17,24,2006-06-11
06068,10,03,07,10,14,30,33,2006-06-13
06069,08,05,16,20,22,29,30,2006-06-15
06070,02,02,03,11,13,20,27,2006-06-18
06071,01,05,11,12,19,29,31,2006-06-20
06072,08,02,03,05,20,21,24,2006-06-22
06073,12,05,13,16,18,27,29,2006-06-25
06074,04,01,03,15,19,25,33,2006-06-27
06075,11,10,21,22,23,25,33,2006-06-29
06076,14,04,10,17,21,29,32,2006-07-02
06077,09,08,09,12,13,19,33,2006-07-04
06078,12,03,05,17,22,31,33,2006-07-06
06079,08,06,11,13,17,20,32,2006-07-09
06080,09,15,17,20,22,26,29,2006-07-11
06081,04,14,16,18,21,22,32,2006-07-13
06082,09,03,13,15,23,28,29,2006-07-16
06083,10,07,09,18,19,26,29,2006-07-18
06084,12,01,12,17,21,25,28,2006-07-21
06085,08,02,06,18,21,24,25,2006-07-23
06086,06,04,06,10,24,26,31,2006-07-25
06087,05,04,05,08,09,12,30,2006-07-27
06088,01,03,11,20,24,25,26,2006-07-30
06089,01,01,13,16,18,19,22,2006-08-01
06090,11,02,11,15,20,23,29,2006-08-03
06091,07,07,08,12,21,22,24,2006-08-06
06092,14,02,08,11,16,20,21,2006-08-08
06093,05,02,12,16,18,19,23,2006-08-10
06094,13,15,16,17,18,24,33,2006-08-13
06095,16,01,03,17,20,21,29,2006-08-15
06096,14,01,05,09,13,18,33,2006-08-17
06097,12,11,14,15,20,26,27,2006-08-20
06098,16,06,07,10,11,18,23,2006-08-22
06099,05,09,12,18,23,24,27,2006-08-24
06100,03,01,11,18,26,30,32,2006-08-27
06101,16,09,12,20,26,27,28,2006-08-29
06102,11,01,04,13,19,20,24,2006-08-31
06103,06,12,14,15,25,28,31,2006-09-03
06104,11,03,07,22,27,28,31,2006-09-05
06105,01,05,12,14,15,20,31,2006-09-07
06106,10,02,12,14,19,28,33,2006-09-10
06107,07,01,06,08,13,17,30,2006-09-12
06108,09,02,06,08,20,24,30,2006-09-14
06109,13,01,05,17,18,23,26,2006-09-17
06110,13,09,12,14,18,27,33,2006-09-19
06111,15,01,08,11,16,17,22,2006-09-21
06112,11,04,09,13,15,31,33,2006-09-24
06113,02,05,14,17,18,28,33,2006-09-26
06114,16,08,10,14,20,27,29,2006-09-28
06115,15,01,10,20,26,28,29,2006-10-01
06116,09,05,16,21,22,32,33,2006-10-03
06117,09,06,14,20,22,23,26,2006-10-05
06118,05,01,03,07,08,10,30,2006-10-08
06119,02,01,02,14,20,27,30,2006-10-10
06120,09,06,08,14,15,24,33,2006-10-12
06121,06,03,04,06,27,31,33,2006-10-15
06122,03,04,05,06,08,22,24,2006-10-17
06123,06,02,03,20,25,28,32,2006-10-19
06124,13,12,13,14,18,31,32,2006-10-22
06125,06,15,19,23,30,32,33,2006-10-24
06126,09,02,08,13,16,24,33,2006-10-26
06127,01,03,04,11,17,19,30,2006-10-29
06128,05,04,15,21,30,31,33,2006-10-31
06129,12,09,14,18,22,27,29,2006-11-02
06130,02,01,12,21,22,30,32,2006-11-05
06131,01,03,04,09,22,26,33,2006-11-07
06132,01,06,14,22,26,30,33,2006-11-09
06133,03,04,06,20,25,29,31,2006-11-12
06134,12,10,13,18,26,28,30,2006-11-14
06135,04,04,19,21,22,23,31,2006-11-16
06136,05,11,15,17,21,22,24,2006-11-19
06137,09,10,14,17,21,27,31,2006-11-21
06138,08,04,09,11,17,18,26,2006-11-23
06139,05,07,08,14,21,23,25,2006-11-26
06140,05,01,08,11,18,19,23,2006-11-28
06141,11,16,18,22,23,25,31,2006-11-30
06142,16,10,16,19,22,26,27,2006-12-03
06143,08,01,15,20,29,31,32,2006-12-05
06144,06,04,10,13,16,22,29,2006-12-07
06145,07,02,07,23,26,28,31,2006-12-10
06146,05,03,09,13,23,28,30,2006-12-12
06147,01,01,04,15,17,27,31,2006-12-14
06148,01,04,08,12,13,23,29,2006-12-17
06149,15,02,03,05,11,15,32,2006-12-19
06150,12,08,09,12,18,25,27,2006-12-21
06151,08,01,03,04,06,16,22,2006-12-24
06152,15,01,14,20,25,27,31,2006-12-26
06153,10,01,07,11,20,30,33,2006-12-28
06154,13,07,14,18,20,30,33,2006-12-31
07001,14,02,04,09,10,20,26,2007-01-02
07002,01,05,06,14,20,21,22,2007-01-04
07003,15,05,09,11,12,22,27,2007-01-07
07004,10,03,07,10,13,25,33,2007-01-09
07005,12,01,05,06,16,24,30,2007-01-11
07006,11,06,10,14,22,26,27,2007-01-14
07007,14,04,12,15,17,22,32,2007-01-16
07008,10,01,04,05,18,19,25,2007-01-18
07009,15,02,04,14,15,25,27,2007-01-21
07010,05,03,08,14,17,30,32,2007-01-23
07011,16,03,10,15,25,28,33,2007-01-25
07012,04,03,05,07,21,26,28,2007-01-28
07013,05,05,15,18,27,29,32,2007-01-30
07014,09,01,13,16,20,24,26,2007-02-01
07015,15,03,04,08,18,22,30,2007-02-04
07016,05,01,18,20,22,26,33,2007-02-06
07017,14,05,09,10,24,25,32,2007-02-08
07018,11,01,12,18,20,21,26,2007-02-11
07019,14,04,11,16,23,29,31,2007-02-13
07020,14,05,10,16,20,28,31,2007-02-15
07021,13,03,06,09,11,25,31,2007-02-25
07022,10,02,04,07,10,18,27,2007-02-27
07023,02,03,07,13,17,32,33,2007-03-01
07024,06,08,09,17,25,27,32,2007-03-04
07025,03,03,16,18,22,23,26,2007-03-06
07026,10,01,04,14,16,26,29,2007-03-08
07027,11,02,03,09,22,24,27,2007-03-11
07028,11,03,08,13,20,29,30,2007-03-13
07029,10,06,08,09,11,19,21,2007-03-15
07030,04,03,16,21,22,27,30,2007-03-18
07031,01,04,06,10,12,19,31,2007-03-20
07032,16,04,08,16,24,30,32,2007-03-22
07033,09,03,04,11,17,18,28,2007-03-25
07034,16,02,09,12,14,23,25,2007-03-27
07035,06,01,04,08,12,29,31,2007-03-29
07036,10,03,14,21,23,30,31,2007-04-01
07037,16,10,11,16,23,31,33,2007-04-03
07038,05,03,11,14,19,21,30,2007-04-05
07039,01,06,07,19,24,27,29,2007-04-08
07040,10,13,14,15,19,24,30,2007-04-10
07041,12,01,03,09,11,26,31,2007-04-12
07042,08,03,13,16,19,32,33,2007-04-15
07043,05,03,08,10,11,14,30,2007-04-17
07044,08,09,13,20,21,24,32,2007-04-19
07045,10,01,12,18,21,28,30,2007-04-22
07046,14,02,06,07,09,19,26,2007-04-24
07047,06,02,04,16,18,23,30,2007-04-26
07048,12,02,11,12,15,17,28,2007-04-29
07049,02,04,14,18,19,31,33,2007-05-01
07050,02,01,05,08,13,18,25,2007-05-03
07051,13,03,14,16,26,27,33,2007-05-06
07052,07,02,03,07,08,26,29,2007-05-08
07053,11,10,13,16,17,18,27,2007-05-10
07054,05,01,03,16,18,23,28,2007-05-13
07055,02,02,06,11,22,28,29,2007-05-15
07056,12,14,17,21,29,31,32,2007-05-17
07057,09,05,11,18,19,20,21,2007-05-20
07058,07,07,08,10,13,25,27,2007-05-22
07059,14,01,03,04,06,07,29,2007-05-24
07060,05,01,02,08,16,19,29,2007-05-27
07061,05,01,06,07,11,20,23,2007-05-29
07062,09,08,17,20,29,30,33,2007-05-31
07063,12,10,15,17,24,26,28,2007-06-03
07064,16,02,06,09,16,21,23,2007-06-05
07065,07,04,07,19,21,25,31,2007-06-07
07066,08,05,11,16,24,32,33,2007-06-10
07067,11,06,11,13,17,21,23,2007-06-12
07068,01,11,18,19,22,23,28,2007-06-14
07069,12,03,04,11,12,14,32,2007-06-17
07070,12,06,08,15,17,18,30,2007-06-19
07071,09,01,06,14,21,30,31,2007-06-21
07072,16,02,04,08,13,14,33,2007-06-24
07073,02,05,09,11,19,28,31,2007-06-26
07074,03,08,13,15,25,27,28,2007-06-28
07075,03,13,16,17,22,30,32,2007-07-01
07076,02,06,12,15,16,20,31,2007-07-03
07077,02,06,08,14,21,28,29,2007-07-05
07078,01,04,06,07,23,25,32,2007-07-08
07079,14,03,04,14,20,21,25,2007-07-10
07080,04,01,08,16,18,19,29,2007-07-12
07081,13,09,14,15,19,24,33,2007-07-15
07082,15,05,15,17,18,25,32,2007-07-17
07083,05,11,14,18,20,21,26,2007-07-19
07084,10,06,10,12,14,20,27,2007-07-22
07085,12,02,12,17,19,29,30,2007-07-24
07086,16,05,08,14,22,27,29,2007-07-26
07087,09,01,03,04,05,08,21,2007-07-29
07088,06,02,04,10,28,29,33,2007-07-31
07089,03,03,07,08,15,19,28,2007-08-02
07090,02,05,11,13,27,30,31,2007-08-05
07091,07,02,11,17,30,31,32,2007-08-07
07092,09,14,18,22,23,24,33,2007-08-09
07093,02,05,10,13,15,19,29,2007-08-12
07094,02,03,05,18,19,24,32,2007-08-14
07095,07,01,06,08,18,29,32,2007-08-16
07096,08,09,10,20,22,30,32,2007-08-19
07097,11,04,08,13,18,26,30,2007-08-21
07098,12,02,03,05,11,19,20,2007-08-23
07099,05,03,04,14,27,31,33,2007-08-26
07100,06,08,18,27,29,30,32,2007-08-28
07101,14,15,16,18,21,22,30,2007-08-30
07102,11,04,06,08,18,20,33,2007-09-02
07103,01,07,09,25,27,30,32,2007-09-04
07104,04,02,08,12,14,20,32,2007-09-06
07105,14,02,07,10,17,23,29,2007-09-09
07106,08,12,18,21,24,25,29,2007-09-11
07107,10,02,08,09,18,24,28,2007-09-13
07108,02,03,07,12,13,20,33,2007-09-16
07109,04,01,04,07,08,13,14,2007-09-18
07110,03,02,04,07,15,24,28,2007-09-20
07111,11,02,09,10,12,13,17,2007-09-23
07112,11,07,11,14,16,25,32,2007-09-25
07113,10,04,18,23,25,26,31,2007-09-27
07114,05,05,12,15,24,27,33,2007-09-30
07115,02,01,05,10,16,20,26,2007-10-02
07116,13,03,05,07,11,17,27,2007-10-04
07117,01,03,07,09,10,26,32,2007-10-07
07118,15,04,10,16,18,25,32,2007-10-09
07119,12,03,08,11,13,25,31,2007-10-11
07120,01,06,07,11,12,18,25,2007-10-14
07121,06,03,10,21,22,27,28,2007-10-16
07122,09,04,07,19,24,26,32,2007-10-18
07123,02,01,13,15,23,28,32,2007-10-21
07124,16,03,07,13,16,19,32,2007-10-23
07125,01,03,05,18,20,27,33,2007-10-25
07126,09,09,10,19,23,26,31,2007-10-28
07127,11,06,09,13,16,24,28,2007-10-30
07128,05,09,10,19,21,27,31,2007-11-01
07129,08,05,07,20,21,22,30,2007-11-04
07130,04,03,05,09,11,27,31,2007-11-06
07131,05,03,05,07,16,22,27,2007-11-08
07132,05,01,09,16,21,22,23,2007-11-11
07133,10,03,06,07,11,13,33,2007-11-13
07134,15,01,04,10,13,18,25,2007-11-15
07135,16,01,11,16,26,31,33,2007-11-18
07136,14,01,02,18,21,25,29,2007-11-20
07137,03,03,07,08,18,20,22,2007-11-22
07138,16,02,03,15,17,19,25,2007-11-25
07139,06,06,10,12,14,16,22,2007-11-27
07140,11,01,05,16,21,22,26,2007-11-29
07141,08,02,03,04,06,17,31,2007-12-02
07142,08,11,20,25,26,27,30,2007-12-04
07143,04,01,06,22,23,24,26,2007-12-06
07144,16,08,14,23,25,28,32,2007-12-09
07145,11,08,09,11,12,25,31,2007-12-11
07146,09,04,18,22,24,26,30,2007-12-13
07147,04,03,07,18,24,26,27,2007-12-16
07148,07,03,09,16,17,23,28,2007-12-18
07149,03,01,17,19,22,28,30,2007-12-20
07150,05,03,05,11,13,19,24,2007-12-23
07151,02,01,06,10,11,23,25,2007-12-25
07152,08,11,17,21,29,30,33,2007-12-27
07153,15,01,04,19,20,25,31,2007-12-30
08001,03,02,04,07,09,14,29,2008-01-01
08002,09,03,04,18,22,25,29,2008-01-03
08003,12,06,08,11,13,17,19,2008-01-06
08004,08,04,08,22,23,27,29,2008-01-08
08005,15,03,05,15,22,24,25,2008-01-10
08006,14,01,14,16,18,22,27,2008-01-13
08007,11,01,13,17,22,23,30,2008-01-15
08008,07,02,15,16,23,26,27,2008-01-17
08009,16,09,21,29,30,31,32,2008-01-20
08010,09,03,08,11,17,21,27,2008-01-22
08011,03,02,14,17,21,30,32,2008-01-24
08012,13,03,04,05,16,20,30,2008-01-27
08013,10,02,08,15,16,22,28,2008-01-29
08014,14,03,09,11,17,21,31,2008-01-31
08015,03,06,08,11,16,29,33,2008-02-03
08016,13,03,12,14,21,29,33,2008-02-05
08017,02,02,05,07,17,20,22,2008-02-14
08018,13,02,05,06,23,26,33,2008-02-17
08019,05,02,09,11,17,27,31,2008-02-19
08020,03,03,10,13,15,28,30,2008-02-21
08021,15,09,12,19,20,26,28,2008-02-24
08022,05,12,18,20,24,28,32,2008-02-26
08023,02,08,16,18,25,26,32,2008-02-28
08024,13,11,20,21,26,28,30,2008-03-02
08025,14,08,16,17,18,19,21,2008-03-04
08026,03,05,17,19,27,29,32,2008-03-06
08027,13,15,18,19,23,24,26,2008-03-09
08028,10,01,13,21,26,29,32,2008-03-11
08029,12,01,09,14,22,29,32,2008-03-13
08030,11,06,15,18,19,20,28,2008-03-16
08031,13,03,06,11,15,21,31,2008-03-18
08032,13,05,14,16,21,23,28,2008-03-20
08033,04,12,17,18,30,31,33,2008-03-23
08034,09,03,05,09,11,21,29,2008-03-25
08035,16,07,11,14,17,18,29,2008-03-27
08036,16,02,06,13,18,23,28,2008-03-30
08037,06,01,12,22,24,28,31,2008-04-01
08038,13,03,09,10,11,15,19,2008-04-03
08039,01,01,07,10,13,22,29,2008-04-06
08040,09,06,13,22,25,27,28,2008-04-08
08041,04,08,11,20,22,23,27,2008-04-10
08042,01,03,04,09,11,12,24,2008-04-13
08043,14,03,10,16,22,27,33,2008-04-15
08044,09,05,07,09,20,26,29,2008-04-17
08045,04,01,10,13,21,29,32,2008-04-20
08046,15,15,16,18,24,28,33,2008-04-22
08047,10,09,12,13,14,20,22,2008-04-24
08048,01,11,18,21,27,30,32,2008-04-27
08049,04,03,10,12,13,19,25,2008-04-29
08050,03,01,11,19,24,26,27,2008-05-01
08051,11,01,04,08,10,13,33,2008-05-04
08052,10,02,10,17,23,29,31,2008-05-06
08053,04,06,12,19,20,21,27,2008-05-08
08054,07,02,06,16,17,20,25,2008-05-11
08055,04,11,16,19,23,26,31,2008-05-13
08056,07,08,13,22,23,25,30,2008-05-15
08057,08,19,20,21,26,28,30,2008-05-18
08058,11,01,12,21,27,29,31,2008-05-20
08059,16,02,06,15,29,31,32,2008-05-22
08060,03,06,07,08,17,30,32,2008-05-25
08061,06,01,02,05,12,26,31,2008-05-27
08062,15,06,08,13,17,24,27,2008-05-29
08063,15,05,09,11,14,16,17,2008-06-01
08064,12,01,02,07,09,12,18,2008-06-03
08065,05,05,13,15,19,30,31,2008-06-05
08066,08,07,12,21,22,29,30,2008-06-08
08067,13,10,11,15,19,26,33,2008-06-10
08068,07,05,07,17,23,27,29,2008-06-12
08069,10,05,08,17,20,26,30,2008-06-15
08070,13,05,06,12,15,18,33,2008-06-17
08071,09,01,06,21,26,27,28,2008-06-19
08072,09,01,05,10,18,22,30,2008-06-22
08073,08,01,09,13,22,28,33,2008-06-24
08074,09,01,11,15,19,20,24,2008-06-26
08075,03,01,08,14,18,22,30,2008-06-29
08076,11,02,05,07,11,13,18,2008-07-01
08077,09,04,12,22,26,30,33,2008-07-03
08078,01,06,13,16,26,30,33,2008-07-06
08079,09,03,04,05,10,20,32,2008-07-08
08080,14,04,14,22,25,29,32,2008-07-10
08081,04,02,12,13,18,25,31,2008-07-13
08082,09,04,08,10,12,21,26,2008-07-15
08083,09,07,08,09,18,29,32,2008-07-17
08084,16,04,07,13,20,29,30,2008-07-20
08085,15,01,04,12,20,24,29,2008-07-22
08086,12,04,05,10,26,27,30,2008-07-24
08087,06,01,07,26,29,30,31,2008-07-27
08088,05,01,06,08,16,17,23,2008-07-29
08089,11,03,06,11,16,22,27,2008-07-31
08090,01,02,07,14,18,19,24,2008-08-03
08091,10,03,12,14,23,31,32,2008-08-05
08092,05,01,03,18,27,28,30,2008-08-07
08093,07,04,10,12,16,26,28,2008-08-10
08094,14,01,04,15,16,23,28,2008-08-12
08095,03,03,08,14,21,28,29,2008-08-14
08096,14,06,08,12,24,27,31,2008-08-17
08097,13,03,06,08,09,16,17,2008-08-19
08098,01,06,07,10,11,15,30,2008-08-21
08099,07,10,15,16,22,23,24,2008-08-24
08100,14,08,14,17,21,27,28,2008-08-26
08101,04,09,17,21,26,28,30,2008-08-28
08102,05,03,07,12,21,25,32,2008-08-31
08103,04,01,12,16,18,22,33,2008-09-02
08104,01,03,06,08,17,24,31,2008-09-04
08105,02,05,17,19,27,28,32,2008-09-07
08106,15,14,19,25,27,29,30,2008-09-09
08107,04,06,13,18,22,27,32,2008-09-11
08108,12,09,10,15,17,23,30,2008-09-14
08109,10,04,07,09,16,21,28,2008-09-16
08110,02,10,16,22,23,29,31,2008-09-18
08111,06,17,18,21,25,31,32,2008-09-21
08112,06,05,13,14,19,22,23,2008-09-23
08113,09,06,09,10,12,17,22,2008-09-25
08114,14,04,09,20,24,25,31,2008-09-28
08115,06,02,12,13,14,17,18,2008-09-30
08116,14,03,07,21,22,24,29,2008-10-02
08117,07,03,05,07,10,14,33,2008-10-05
08118,01,04,09,16,27,31,33,2008-10-07
08119,07,05,07,09,15,24,29,2008-10-09
08120,02,10,11,22,24,26,33,2008-10-12
08121,06,02,22,23,27,31,32,2008-10-14
08122,15,02,08,11,14,19,26,2008-10-16
08123,02,10,11,15,16,25,29,2008-10-19
08124,03,01,07,10,13,21,22,2008-10-21
08125,09,10,11,12,15,26,29,2008-10-23
08126,13,04,11,12,14,20,30,2008-10-26
08127,13,05,08,19,22,27,30,2008-10-28
08128,05,01,05,19,20,27,33,2008-10-30
08129,15,01,03,18,24,25,32,2008-11-02
08130,06,01,12,18,28,30,32,2008-11-04
08131,08,02,12,15,18,22,32,2008-11-06
08132,08,09,13,16,25,27,33,2008-11-09
08133,11,08,11,16,19,24,26,2008-11-11
08134,02,10,15,19,20,28,32,2008-11-13
08135,15,05,14,15,16,19,21,2008-11-16
08136,02,05,09,10,12,18,28,2008-11-18
08137,09,01,04,24,28,29,33,2008-11-20
08138,04,07,14,19,23,25,32,2008-11-23
08139,07,08,09,19,23,25,26,2008-11-25
08140,14,07,14,16,29,30,31,2008-11-27
08141,15,03,13,20,25,29,33,2008-11-30
08142,15,05,06,10,13,17,28,2008-12-02
08143,06,12,17,18,19,26,27,2008-12-04
08144,15,02,05,10,27,29,33,2008-12-07
08145,02,07,13,18,22,26,29,2008-12-09
08146,10,07,08,17,19,31,32,2008-12-11
08147,02,07,08,14,22,26,33,2008-12-14
08148,09,03,05,09,22,26,28,2008-12-16
08149,02,10,14,22,28,29,33,2008-12-18
08150,02,04,19,22,24,29,32,2008-12-21
08151,06,06,08,10,14,17,19,2008-12-23
08152,08,01,04,06,22,26,30,2008-12-25
08153,16,01,04,18,21,24,30,2008-12-28
08154,08,02,05,07,21,22,26,2008-12-30
09001,04,04,21,23,24,30,31,2009-01-01
09002,14,10,14,17,25,29,33,2009-01-04
09003,02,02,03,06,15,25,30,2009-01-06
09004,03,03,11,13,17,28,31,2009-01-08
09005,13,01,03,08,15,17,21,2009-01-11
09006,02,06,12,18,20,26,33,2009-01-13
09007,15,01,05,12,23,25,26,2009-01-15
09008,02,04,15,16,22,32,33,2009-01-18
09009,02,08,15,21,30,31,33,2009-01-20
09010,02,03,10,17,19,20,24,2009-01-22
09011,15,02,04,13,14,18,23,2009-02-01
09012,01,05,11,14,17,18,28,2009-02-03
09013,09,04,08,09,21,26,27,2009-02-05
09014,02,03,06,09,14,15,18,2009-02-08
09015,05,02,04,06,15,17,32,2009-02-10
09016,03,02,07,13,16,20,33,2009-02-12
09017,08,06,14,15,19,25,26,2009-02-15
09018,15,02,05,06,19,27,30,2009-02-17
09019,04,06,17,19,20,26,27,2009-02-19
09020,13,03,05,07,10,19,23,2009-02-22
09021,09,01,04,05,17,24,27,2009-02-24
09022,08,05,08,09,10,11,18,2009-02-26
09023,08,01,06,07,15,24,30,2009-03-01
09024,12,01,03,17,23,30,33,2009-03-03
09025,11,10,20,22,23,26,33,2009-03-05
09026,16,11,15,17,18,20,30,2009-03-08
09027,06,02,07,11,16,27,32,2009-03-10
09028,10,03,06,12,15,23,26,2009-03-12
09029,13,12,13,15,22,23,29,2009-03-15
09030,07,08,14,24,26,28,32,2009-03-17
09031,01,01,02,03,15,30,33,2009-03-19
09032,06,09,11,12,19,27,32,2009-03-22
09033,06,07,08,13,14,29,30,2009-03-24
09034,07,09,12,18,21,22,26,2009-03-26
09035,05,06,15,21,26,29,31,2009-03-29
09036,07,06,09,18,23,32,33,2009-03-31
09037,03,02,06,15,18,20,31,2009-04-02
09038,05,12,13,15,23,28,32,2009-04-05
09039,03,05,12,14,15,21,27,2009-04-07
09040,12,04,07,10,20,26,30,2009-04-09
09041,08,01,08,23,26,28,33,2009-04-12
09042,11,08,16,22,23,27,30,2009-04-14
09043,07,04,09,10,15,18,26,2009-04-16
09044,01,11,14,16,18,26,30,2009-04-19
09045,01,03,04,06,23,30,32,2009-04-21
09046,09,16,20,21,26,29,30,2009-04-23
09047,16,06,08,11,15,21,22,2009-04-26
09048,01,03,07,11,15,17,31,2009-04-28
09049,06,09,12,14,20,30,31,2009-04-30
09050,04,13,21,24,29,30,32,2009-05-03
09051,07,06,10,13,16,21,23,2009-05-05
09052,08,09,11,15,19,21,30,2009-05-07
09053,04,07,12,18,19,22,28,2009-05-10
09054,11,16,17,23,26,31,32,2009-05-12
09055,11,03,04,18,22,24,29,2009-05-14
09056,08,04,09,10,18,29,32,2009-05-17
09057,11,05,07,10,14,17,25,2009-05-19
09058,09,05,08,10,15,23,26,2009-05-21
09059,11,03,07,13,23,27,30,2009-05-24
09060,04,07,13,17,26,32,33,2009-05-26
09061,03,10,11,13,16,19,30,2009-05-28
09062,10,10,19,20,21,23,32,2009-05-31
09063,16,02,05,11,26,30,32,2009-06-02
09064,15,01,02,14,23,28,29,2009-06-04
09065,02,08,12,20,22,30,33,2009-06-07
09066,04,02,15,19,24,31,32,2009-06-09
09067,05,04,10,16,23,28,30,2009-06-11
09068,05,06,11,18,20,25,30,2009-06-14
09069,02,03,05,12,18,21,23,2009-06-16
09070,10,01,02,09,10,21,31,2009-06-18
09071,06,04,05,23,26,31,32,2009-06-21
09072,04,01,03,12,20,21,29,2009-06-23
09073,14,09,16,17,18,22,27,2009-06-25
09074,13,05,10,16,19,23,28,2009-06-28
09075,05,01,13,15,17,20,30,2009-06-30
09076,06,09,18,19,25,28,31,2009-07-02
09077,16,01,09,14,16,28,32,2009-07-05
09078,13,05,07,12,14,15,20,2009-07-07
09079,13,02,09,16,21,30,31,2009-07-09
09080,06,01,11,13,25,32,33,2009-07-12
09081,03,04,05,06,25,29,30,2009-07-14
09082,02,11,15,18,21,27,29,2009-07-16
09083,04,02,08,12,18,24,28,2009-07-19
09084,13,04,09,11,20,32,33,2009-07-21
09085,03,04,08,12,17,20,30,2009-07-23
09086,11,11,12,13,18,23,32,2009-07-26
09087,06,06,11,13,20,28,32,2009-07-28
09088,02,04,07,11,15,16,17,2009-07-30
09089,04,02,03,07,11,19,32,2009-08-02
09090,14,07,09,14,20,23,30,2009-08-04
09091,04,03,08,11,14,25,29,2009-08-06
09092,08,02,06,07,14,18,31,2009-08-09
09093,01,01,11,20,31,32,33,2009-08-11
09094,14,03,16,22,25,26,33,2009-08-13
09095,15,08,09,14,28,31,33,2009-08-16
09096,03,01,26,27,31,32,33,2009-08-18
09097,14,07,13,24,26,28,32,2009-08-20
09098,02,03,14,15,20,23,30,2009-08-23
09099,09,08,09,18,20,25,29,2009-08-25
09100,11,02,11,17,27,30,33,2009-08-27
09101,14,01,02,05,10,19,24,2009-08-30
09102,10,03,05,07,08,14,31,2009-09-01
09103,09,06,11,17,20,23,24,2009-09-03
09104,16,20,22,26,29,30,32,2009-09-06
09105,15,02,08,10,16,27,30,2009-09-08
09106,04,01,02,15,18,20,29,2009-09-10
09107,05,07,08,20,23,28,29,2009-09-13
09108,02,04,10,17,28,32,33,2009-09-15
09109,01,05,06,07,14,25,28,2009-09-17
09110,14,04,10,13,15,19,30,2009-09-20
09111,15,02,04,07,14,15,25,2009-09-22
09112,09,06,07,18,24,30,32,2009-09-24
09113,16,04,12,20,25,28,29,2009-09-27
09114,11,03,05,11,12,31,32,2009-09-29
09115,03,02,09,13,15,19,24,2009-10-01
09116,14,05,17,21,25,27,32,2009-10-04
09117,13,05,09,15,21,26,31,2009-10-06
09118,05,12,16,25,26,27,31,2009-10-08
09119,05,06,07,10,12,15,21,2009-10-11
09120,16,01,02,08,12,16,30,2009-10-13
09121,09,02,04,06,10,25,30,2009-10-15
09122,01,07,14,16,27,29,32,2009-10-18
09123,14,09,13,20,22,25,28,2009-10-20
09124,10,03,04,22,23,28,30,2009-10-22
09125,12,06,07,08,22,26,27,2009-10-25
09126,15,03,05,06,10,19,23,2009-10-27
09127,04,02,11,12,14,15,16,2009-10-29
09128,01,05,08,15,16,26,32,2009-11-01
09129,07,06,07,16,17,24,25,2009-11-03
09130,11,02,03,07,12,13,30,2009-11-05
09131,05,16,23,25,26,32,33,2009-11-08
09132,07,04,14,15,21,23,30,2009-11-10
09133,01,05,09,13,18,20,32,2009-11-12
09134,06,03,05,12,15,28,33,2009-11-15
09135,16,01,03,14,19,30,33,2009-11-17
09136,01,01,04,14,22,30,33,2009-11-19
09137,01,08,12,14,15,17,21,2009-11-22
09138,14,04,07,14,26,32,33,2009-11-24
09139,02,01,05,15,17,27,29,2009-11-26
09140,12,04,05,11,18,22,33,2009-11-29
09141,09,02,13,21,28,29,31,2009-12-01
09142,13,07,11,15,19,20,24,2009-12-03
09143,10,05,09,11,17,23,28,2009-12-06
09144,12,01,05,10,17,18,29,2009-12-08
09145,11,03,05,11,15,26,33,2009-12-10
09146,15,03,09,16,20,22,33,2009-12-13
09147,16,06,08,10,18,22,32,2009-12-15
09148,10,06,12,15,22,29,32,2009-12-17
09149,04,01,03,16,18,22,29,2009-12-20
09150,04,04,06,07,16,19,20,2009-12-22
09151,14,06,08,10,16,25,30,2009-12-24
09152,05,03,04,19,21,27,28,2009-12-27
09153,10,06,07,08,20,21,25,2009-12-29
09154,16,01,07,12,14,18,25,2009-12-31
10001,13,07,17,18,27,29,32,2010-01-03
10002,13,03,06,07,23,30,33,2010-01-05
10003,04,14,22,26,27,28,31,2010-01-07
10004,07,01,12,13,16,23,28,2010-01-10
10005,14,03,05,06,08,17,18,2010-01-12
10006,05,03,05,07,13,14,18,2010-01-14
10007,14,14,22,27,28,30,33,2010-01-17
10008,14,05,07,13,15,18,30,2010-01-19
10009,06,01,09,13,21,24,32,2010-01-21
10010,08,07,08,12,15,22,26,2010-01-24
10011,07,07,08,14,22,24,30,2010-01-26
10012,10,02,08,13,14,25,33,2010-01-28
10013,12,01,02,03,16,18,23,2010-01-31
10014,02,01,03,07,14,26,28,2010-02-02
10015,06,01,04,16,21,23,28,2010-02-04
10016,16,02,08,10,12,30,33,2010-02-07
10017,11,01,03,06,11,12,23,2010-02-09
10018,02,11,28,29,30,32,33,2010-02-11
10019,06,02,10,22,24,26,27,2010-02-21
10020,09,05,06,14,22,24,26,2010-02-23
10021,04,02,09,16,17,19,25,2010-02-25
10022,02,01,02,18,29,31,32,2010-02-28
10023,11,02,09,11,22,24,27,2010-03-02
10024,14,07,16,26,27,29,31,2010-03-04
10025,11,04,05,07,10,13,25,2010-03-07
10026,12,02,04,05,08,19,22,2010-03-09
10027,13,03,04,15,25,26,30,2010-03-11
10028,12,01,03,06,12,16,32,2010-03-14
10029,03,01,05,14,16,17,22,2010-03-16
10030,05,03,06,10,16,25,31,2010-03-18
10031,04,05,07,13,24,25,28,2010-03-21
10032,08,08,18,21,28,29,33,2010-03-23
10033,09,08,10,11,12,25,29,2010-03-25
10034,12,06,11,13,22,25,32,2010-03-28
10035,10,09,10,11,18,19,21,2010-03-30
10036,08,06,13,14,28,29,30,2010-04-01
10037,06,03,16,19,21,24,26,2010-04-04
10038,01,01,06,07,11,13,16,2010-04-06
10039,12,08,17,21,23,25,32,2010-04-08
10040,11,12,19,24,25,30,32,2010-04-11
10041,12,03,05,13,19,25,29,2010-04-13
10042,10,03,06,11,20,31,32,2010-04-15
10043,04,04,10,19,22,28,33,2010-04-18
10044,05,03,09,21,23,27,31,2010-04-20
10045,01,02,03,04,13,20,29,2010-04-22
10046,05,11,12,21,23,27,32,2010-04-25
10047,15,03,10,13,20,21,32,2010-04-27
10048,02,01,06,08,10,23,33,2010-04-29
10049,02,01,06,10,26,27,28,2010-05-02
10050,11,07,21,22,26,28,30,2010-05-04
10051,03,04,17,23,27,28,32,2010-05-06
10052,10,01,02,19,23,27,29,2010-05-09
10053,14,03,22,24,27,28,30,2010-05-11
10054,06,01,06,08,12,14,25,2010-05-13
10055,08,02,03,13,19,20,23,2010-05-16
10056,07,01,02,03,08,13,32,2010-05-18
10057,05,05,11,12,19,25,32,2010-05-20
10058,12,01,04,11,17,19,29,2010-05-23
10059,10,01,09,11,12,18,30,2010-05-25
10060,09,01,08,15,18,22,27,2010-05-27
10061,12,02,04,16,19,22,26,2010-05-30
10062,03,11,13,15,20,31,33,2010-06-01
10063,03,02,06,10,17,23,24,2010-06-03
10064,11,08,14,25,26,30,31,2010-06-06
10065,12,02,07,08,17,30,32,2010-06-08
10066,07,01,03,21,22,31,32,2010-06-10
10067,01,01,07,10,14,21,25,2010-06-13
10068,13,03,13,18,20,23,28,2010-06-15
10069,11,12,14,20,22,24,32,2010-06-17
10070,07,08,13,23,27,31,33,2010-06-20
10071,01,05,13,14,17,20,26,2010-06-22
10072,01,06,08,22,23,30,31,2010-06-24
10073,02,01,16,20,23,27,31,2010-06-27
10074,15,02,10,17,18,19,29,2010-06-29
10075,14,05,09,12,13,15,22,2010-07-01
10076,15,01,12,14,29,31,32,2010-07-04
10077,09,02,08,14,20,21,24,2010-07-06
10078,12,01,03,09,11,17,23,2010-07-08
10079,02,08,11,12,14,18,22,2010-07-11
10080,16,08,10,13,14,16,23,2010-07-13
10081,05,02,03,09,24,26,27,2010-07-15
10082,02,01,08,13,14,27,31,2010-07-18
10083,12,02,20,21,22,23,31,2010-07-20
10084,03,02,10,14,18,20,30,2010-07-22
10085,08,01,08,12,13,24,27,2010-07-25
10086,08,05,21,28,29,30,31,2010-07-27
10087,10,01,08,16,17,25,30,2010-07-29
10088,12,05,06,15,23,27,30,2010-08-01
10089,01,07,08,09,16,23,26,2010-08-03
10090,14,01,06,10,15,25,31,2010-08-05
10091,16,06,13,16,20,22,24,2010-08-08
10092,02,03,13,19,27,28,30,2010-08-10
10093,06,09,10,19,28,32,33,2010-08-12
10094,10,03,05,07,27,31,32,2010-08-15
10095,14,09,11,16,17,25,27,2010-08-17
10096,03,07,12,21,23,24,28,2010-08-19
10097,01,10,16,18,21,24,26,2010-08-22
10098,07,01,03,08,16,29,33,2010-08-24
10099,06,03,04,17,24,27,30,2010-08-26
10100,08,01,06,12,22,23,26,2010-08-29
10101,06,04,09,18,21,25,26,2010-08-31
10102,10,04,11,16,20,22,29,2010-09-02
10103,09,06,09,14,17,20,33,2010-09-05
10104,02,07,17,23,24,27,32,2010-09-07
10105,11,01,08,09,19,21,31,2010-09-09
10106,16,02,06,08,15,26,29,2010-09-12
10107,16,08,12,15,17,22,33,2010-09-14
10108,07,02,04,08,20,23,24,2010-09-16
10109,15,04,15,18,25,29,32,2010-09-19
10110,01,01,03,12,24,26,27,2010-09-21
10111,10,04,07,08,13,17,18,2010-09-23
10112,16,01,08,18,24,29,30,2010-09-26
10113,10,05,10,15,18,20,28,2010-09-28
10114,01,01,08,11,15,17,25,2010-09-30
10115,15,01,22,24,25,29,33,2010-10-03
10116,07,05,09,10,20,22,26,2010-10-05
10117,01,01,08,20,22,24,28,2010-10-07
10118,05,05,08,11,13,15,25,2010-10-10
10119,09,07,17,25,27,30,31,2010-10-12
10120,16,01,02,05,06,10,29,2010-10-14
10121,15,08,11,13,18,25,30,2010-10-17
10122,06,02,09,12,16,25,27,2010-10-19
10123,10,06,12,15,18,29,32,2010-10-21
10124,02,02,06,08,11,12,25,2010-10-24
10125,09,06,07,13,23,28,29,2010-10-26
10126,05,03,13,18,20,27,28,2010-10-28
10127,01,01,04,08,17,25,33,2010-10-31
10128,12,04,11,19,20,24,28,2010-11-02
10129,16,04,08,14,25,28,32,2010-11-04
10130,16,01,02,07,15,21,31,2010-11-07
10131,06,05,06,15,16,19,26,2010-11-09
10132,15,02,10,12,18,24,33,2010-11-11
10133,01,03,09,17,21,26,32,2010-11-14
10134,06,09,15,16,22,27,28,2010-11-16
10135,10,04,10,13,25,26,30,2010-11-18
10136,10,04,10,23,24,26,33,2010-11-21
10137,06,07,09,10,13,19,33,2010-11-23
10138,05,01,21,23,24,26,30,2010-11-25
10139,09,11,13,18,20,26,31,2010-11-28
10140,15,01,12,13,18,26,29,2010-11-30
10141,06,02,03,07,18,23,27,2010-12-02
10142,10,02,16,18,23,26,27,2010-12-05
10143,14,09,16,18,26,30,31,2010-12-07
10144,11,02,03,08,15,19,21,2010-12-09
10145,08,03,21,24,27,28,31,2010-12-12
10146,01,01,17,18,22,25,32,2010-12-14
10147,03,02,08,15,18,24,30,2010-12-16
10148,12,01,03,07,18,23,27,2010-12-19
10149,09,02,07,08,16,25,30,2010-12-21
10150,06,02,17,18,23,29,30,2010-12-23
10151,14,02,13,14,17,19,26,2010-12-26
10152,01,04,09,17,21,25,31,2010-12-28
10153,13,03,06,12,19,30,31,2010-12-30
11001,10,03,09,20,24,26,32,2011-01-02
11002,05,06,08,12,17,28,33,2011-01-04
11003,04,13,14,21,22,23,27,2011-01-06
11004,05,04,06,08,10,13,26,2011-01-09
11005,13,06,09,12,14,20,22,2011-01-11
11006,05,01,03,05,13,16,18,2011-01-13
11007,05,01,09,17,24,26,31,2011-01-16
11008,15,10,12,13,17,24,31,2011-01-18
11009,04,17,18,23,24,25,26,2011-01-20
11010,13,01,04,05,09,15,19,2011-01-23
11011,10,01,12,18,19,21,24,2011-01-25
11012,13,07,08,11,13,15,26,2011-01-27
11013,08,01,03,13,16,21,22,2011-01-30
11014,16,05,07,10,11,23,26,2011-02-01
11015,07,03,06,13,26,27,29,2011-02-10
11016,13,03,04,16,17,22,29,2011-02-13
11017,08,02,06,15,23,26,33,2011-02-15
11018,01,13,15,18,28,30,33,2011-02-17
11019,16,02,04,12,19,32,33,2011-02-20
11020,05,12,16,17,19,24,30,2011-02-22
11021,08,01,02,14,18,25,31,2011-02-24
11022,05,02,07,14,16,17,21,2011-02-27
11023,05,02,03,06,21,22,25,2011-03-01
11024,14,05,07,10,19,26,31,2011-03-03
11025,09,08,25,26,31,32,33,2011-03-06
11026,12,07,08,17,19,21,26,2011-03-08
11027,01,13,18,21,22,25,26,2011-03-10
11028,01,01,04,05,14,16,17,2011-03-13
11029,07,01,04,09,10,20,31,2011-03-15
11030,10,02,09,19,24,25,33,2011-03-17
11031,12,16,17,24,28,29,32,2011-03-20
11032,15,03,05,07,13,14,15,2011-03-22
11033,04,02,08,12,13,19,29,2011-03-24
11034,08,13,14,17,19,24,31,2011-03-27
11035,02,13,14,18,20,27,31,2011-03-29
11036,05,02,11,20,22,24,31,2011-03-31
11037,11,01,03,04,06,17,25,2011-04-03
11038,12,02,14,15,19,23,24,2011-04-05
11039,13,03,07,10,16,24,29,2011-04-07
11040,13,05,11,14,24,26,28,2011-04-10
11041,13,04,10,12,13,30,32,2011-04-12
11042,15,05,13,15,17,19,21,2011-04-14
11043,04,04,13,14,17,25,31,2011-04-17
11044,09,03,14,16,26,27,31,2011-04-19
11045,08,02,16,17,20,26,32,2011-04-21
11046,08,09,17,18,26,29,30,2011-04-24
11047,14,04,13,23,25,27,33,2011-04-26
11048,15,10,14,18,25,26,27,2011-04-28
11049,14,01,11,17,18,27,31,2011-05-01
11050,15,04,05,19,22,28,29,2011-05-03
11051,14,01,07,11,14,15,16,2011-05-05
11052,08,04,05,08,19,27,28,2011-05-08
11053,15,03,06,10,12,22,30,2011-05-10
11054,08,08,11,16,17,22,33,2011-05-12
11055,16,08,13,16,17,29,32,2011-05-15
11056,10,13,16,19,20,23,25,2011-05-17
11057,02,04,06,20,21,26,33,2011-05-19
11058,06,07,18,22,30,32,33,2011-05-22
11059,16,24,26,27,29,31,33,2011-05-24
11060,01,10,11,13,21,27,31,2011-05-26
11061,03,02,03,08,13,19,21,2011-05-29
11062,03,04,08,09,10,29,30,2011-05-31
11063,05,04,06,13,15,18,19,2011-06-02
11064,02,03,06,07,29,30,33,2011-06-05
11065,03,04,16,23,25,27,29,2011-06-07
11066,12,04,06,14,17,30,32,2011-06-09
11067,12,17,19,20,24,25,27,2011-06-12
11068,10,03,07,10,15,19,24,2011-06-14
11069,12,02,13,16,18,24,30,2011-06-16
11070,12,01,03,05,12,21,28,2011-06-19
11071,02,01,02,15,22,28,30,2011-06-21
11072,12,01,06,10,11,18,27,2011-06-23
11073,14,03,04,05,12,17,21,2011-06-26
11074,01,02,21,26,28,29,32,2011-06-28
11075,13,07,09,10,12,31,32,2011-06-30
11076,13,06,19,21,26,32,33,2011-07-03
11077,10,01,07,08,15,26,29,2011-07-05
11078,09,03,05,13,20,22,29,2011-07-07
11079,05,03,14,15,16,24,29,2011-07-10
11080,09,02,07,09,25,31,32,2011-07-12
11081,12,06,14,19,23,25,32,2011-07-14
11082,04,07,16,17,20,25,26,2011-07-17
11083,06,07,16,18,24,28,29,2011-07-19
11084,15,09,10,12,16,18,32,2011-07-21
11085,10,03,06,11,21,24,31,2011-07-24
11086,09,06,07,09,12,17,24,2011-07-26
11087,01,02,03,04,05,18,28,2011-07-28
11088,04,03,09,17,20,21,29,2011-07-31
11089,12,01,02,11,24,29,30,2011-08-02
11090,16,02,05,14,18,21,25,2011-08-04
11091,03,09,15,21,23,28,30,2011-08-07
11092,04,05,10,17,26,31,32,2011-08-09
11093,09,04,07,11,13,23,30,2011-08-11
11094,05,09,11,12,17,18,19,2011-08-14
11095,05,03,07,08,10,23,24,2011-08-16
11096,15,01,04,07,13,14,19,2011-08-18
11097,16,09,17,19,20,21,26,2011-08-21
11098,05,03,07,20,21,22,32,2011-08-23
11099,14,10,12,13,21,26,27,2011-08-25
11100,05,07,11,21,23,31,32,2011-08-28
11101,06,06,10,19,23,29,31,2011-08-30
11102,11,01,05,13,21,27,31,2011-09-01
11103,12,04,05,10,13,15,16,2011-09-04
11104,09,09,10,16,20,25,29,2011-09-06
11105,01,04,06,23,25,27,28,2011-09-08
11106,14,02,11,12,14,24,32,2011-09-11
11107,15,04,09,16,17,22,29,2011-09-13
11108,10,02,17,22,26,29,33,2011-09-15
11109,15,01,03,09,15,16,33,2011-09-18
11110,12,12,14,21,26,28,33,2011-09-20
11111,04,01,03,05,20,25,27,2011-09-22
11112,15,03,05,16,18,23,24,2011-09-25
11113,05,06,10,11,25,32,33,2011-09-27
11114,09,01,14,15,16,30,32,2011-09-29
11115,16,07,08,09,12,17,33,2011-10-02
11116,05,01,07,11,12,17,27,2011-10-04
11117,04,08,10,19,26,28,30,2011-10-06
11118,10,05,06,11,14,20,21,2011-10-09
11119,01,09,12,14,19,28,32,2011-10-11
11120,07,04,14,17,28,30,33,2011-10-13
11121,02,04,14,22,25,32,33,2011-10-16
11122,03,10,12,18,26,27,31,2011-10-18
11123,16,01,04,05,14,19,28,2011-10-20
11124,16,09,18,19,26,31,32,2011-10-23
11125,08,03,10,15,24,27,32,2011-10-25
11126,16,03,07,13,18,23,26,2011-10-27
11127,11,16,19,22,23,27,29,2011-10-30
11128,12,09,11,14,17,19,23,2011-11-01
11129,06,07,10,11,21,23,26,2011-11-03
11130,15,07,14,18,23,25,32,2011-11-06
11131,01,02,07,09,17,21,25,2011-11-08
11132,07,02,05,12,13,25,33,2011-11-10
11133,16,12,14,20,21,25,31,2011-11-13
11134,10,01,02,06,07,30,31,2011-11-15
11135,12,12,13,17,20,25,26,2011-11-17
11136,07,02,04,06,20,22,31,2011-11-20
11137,13,02,11,18,23,30,33,2011-11-22
11138,07,01,05,15,24,28,32,2011-11-24
11139,03,08,20,24,27,30,31,2011-11-27
11140,06,04,18,20,22,27,29,2011-11-29
11141,11,02,04,06,19,24,29,2011-12-01
11142,02,12,15,16,26,29,31,2011-12-04
11143,16,07,08,12,14,15,30,2011-12-06
11144,03,01,02,09,10,16,24,2011-12-08
11145,04,02,04,14,15,26,30,2011-12-11
11146,10,11,23,26,28,32,33,2011-12-13
11147,10,04,08,12,17,18,30,2011-12-15
11148,14,05,14,22,23,25,26,2011-12-18
11149,16,04,05,06,07,23,31,2011-12-20
11150,13,08,10,12,15,22,27,2011-12-22
11151,10,07,11,16,19,31,33,2011-12-25
11152,13,04,10,11,12,21,26,2011-12-27
11153,13,05,08,09,10,20,25,2011-12-29
12001,06,01,04,05,09,15,17,2012-01-01
12002,13,02,03,07,09,10,32,2012-01-03
12003,09,03,06,08,24,29,31,2012-01-05
12004,16,01,05,10,11,21,23,2012-01-08
12005,06,07,09,18,27,31,33,2012-01-10
12006,08,02,22,25,29,32,33,2012-01-12
12007,04,10,17,19,27,28,32,2012-01-15
12008,08,01,12,20,23,24,29,2012-01-17
12009,11,04,16,24,26,27,33,2012-01-19
12010,10,01,03,13,19,25,26,2012-01-29
12011,05,04,14,15,16,20,26,2012-01-31
12012,01,15,17,18,20,23,27,2012-02-02
12013,13,06,08,24,29,30,32,2012-02-05
12014,12,01,02,05,16,28,30,2012-02-07
12015,15,01,03,06,10,21,23,2012-02-09
12016,08,02,05,12,17,22,25,2012-02-12
12017,10,06,09,14,19,25,28,2012-02-14
12018,15,03,05,06,22,26,32,2012-02-16
12019,16,07,14,18,20,22,30,2012-02-19
12020,11,03,08,12,18,23,29,2012-02-21
12021,03,01,15,16,18,22,30,2012-02-23
12022,04,04,08,12,24,26,27,2012-02-26
12023,02,05,09,15,23,24,33,2012-02-28
12024,13,04,12,19,21,25,28,2012-03-01
12025,06,03,08,09,17,25,27,2012-03-04
12026,16,03,07,09,15,24,25,2012-03-06
12027,12,04,16,22,25,30,31,2012-03-08
12028,11,10,15,20,21,28,30,2012-03-11
12029,03,04,07,15,25,26,28,2012-03-13
12030,08,09,10,17,18,21,31,2012-03-15
12031,03,04,16,22,24,27,31,2012-03-18
12032,04,01,02,10,17,22,24,2012-03-20
12033,04,02,03,15,16,17,27,2012-03-22
12034,16,02,03,08,23,32,33,2012-03-25
12035,05,09,11,12,21,24,26,2012-03-27
12036,09,02,11,13,18,19,26,2012-03-29
12037,09,05,14,19,24,28,33,2012-04-01
12038,16,09,10,11,15,19,33,2012-04-03
12039,08,01,02,05,13,22,29,2012-04-05
12040,10,03,08,09,22,25,31,2012-04-08
12041,02,08,11,15,20,24,32,2012-04-10
12042,16,05,06,11,19,24,28,2012-04-12
12043,03,02,09,11,21,26,33,2012-04-15
12044,03,06,09,10,14,22,25,2012-04-17
12045,09,08,11,20,21,27,30,2012-04-19
12046,06,04,12,19,20,23,33,2012-04-22
12047,11,06,07,11,16,32,33,2012-04-24
12048,10,01,05,14,22,24,30,2012-04-26
12049,02,04,12,13,19,20,32,2012-04-29
12050,11,07,13,15,17,19,24,2012-05-01
12051,09,02,12,14,17,30,31,2012-05-03
12052,04,02,03,05,06,20,24,2012-05-06
12053,04,04,15,22,25,27,33,2012-05-08
12054,14,06,14,18,20,30,33,2012-05-10
12055,01,04,06,13,20,24,28,2012-05-13
12056,10,04,07,14,17,26,31,2012-05-15
12057,04,03,05,19,21,27,31,2012-05-17
12058,04,03,06,15,20,25,26,2012-05-20
12059,01,04,13,21,22,26,31,2012-05-22
12060,01,07,10,13,16,17,29,2012-05-24
12061,14,03,08,11,12,14,18,2012-05-27
12062,07,02,13,16,17,20,31,2012-05-29
12063,12,02,10,17,19,24,27,2012-05-31
12064,11,05,10,11,16,23,24,2012-06-03
12065,14,08,10,18,19,27,31,2012-06-05
12066,12,01,02,09,26,29,33,2012-06-07
12067,16,04,05,10,21,26,30,2012-06-10
12068,10,05,17,22,26,32,33,2012-06-12
12069,06,08,10,11,18,20,29,2012-06-14
12070,11,02,03,04,24,31,32,2012-06-17
12071,08,03,04,19,21,22,23,2012-06-19
12072,06,02,03,07,09,13,30,2012-06-21
12073,05,04,07,09,10,17,27,2012-06-24
12074,08,15,16,18,19,28,32,2012-06-26
12075,11,04,06,22,23,29,32,2012-06-28
12076,15,11,18,22,27,29,30,2012-07-01
12077,12,02,04,13,18,26,28,2012-07-03
12078,12,08,15,22,24,28,33,2012-07-05
12079,12,06,07,12,24,30,33,2012-07-08
12080,03,04,09,14,15,16,27,2012-07-10
12081,06,02,05,10,24,25,29,2012-07-12
12082,06,02,04,11,18,22,29,2012-07-15
12083,04,04,09,14,15,26,33,2012-07-17
12084,14,02,10,20,26,28,29,2012-07-19
12085,05,05,17,24,30,31,33,2012-07-22
12086,08,08,09,13,15,22,23,2012-07-24
12087,09,03,10,11,13,14,22,2012-07-26
12088,15,03,05,23,24,27,31,2012-07-29
12089,11,03,07,10,13,14,25,2012-07-31
12090,11,02,13,20,25,29,30,2012-08-02
12091,16,01,05,07,08,19,21,2012-08-05
12092,03,06,13,17,18,28,32,2012-08-07
12093,13,03,05,19,21,24,33,2012-08-09
12094,15,06,09,14,16,23,33,2012-08-12
12095,02,17,24,27,28,29,30,2012-08-14
12096,07,04,07,11,16,29,33,2012-08-16
12097,06,05,08,13,14,19,22,2012-08-19
12098,09,02,12,19,26,29,31,2012-08-21
12099,16,08,12,15,16,21,27,2012-08-23
12100,10,05,07,15,18,25,33,2012-08-26
12101,02,09,12,17,18,20,33,2012-08-28
12102,15,13,25,27,28,29,30,2012-08-30
12103,02,04,09,11,14,32,33,2012-09-02
12104,03,04,05,09,10,19,28,2012-09-04
12105,04,06,13,14,15,17,30,2012-09-06
12106,16,13,14,20,22,23,32,2012-09-09
12107,09,11,12,15,24,25,31,2012-09-11
12108,13,01,09,12,13,19,28,2012-09-13
12109,03,02,12,24,26,29,31,2012-09-16
12110,09,03,07,10,13,22,32,2012-09-18
12111,13,02,09,10,20,22,31,2012-09-20
12112,06,08,15,20,21,27,31,2012-09-23
12113,06,03,06,09,13,18,32,2012-09-25
12114,15,01,06,11,26,27,29,2012-09-27
12115,14,03,08,20,24,26,32,2012-09-30
12116,03,03,21,26,29,31,32,2012-10-02
12117,09,13,15,18,20,24,28,2012-10-04
12118,11,05,06,07,12,15,28,2012-10-07
12119,13,12,20,25,26,27,28,2012-10-09
12120,16,01,04,20,24,28,29,2012-10-11
12121,11,01,07,08,20,23,24,2012-10-14
12122,11,12,13,19,22,28,29,2012-10-16
12123,09,08,10,16,25,28,33,2012-10-18
12124,11,06,07,21,25,27,33,2012-10-21
12125,01,08,12,13,26,29,33,2012-10-23
12126,07,03,05,12,15,23,24,2012-10-25
12127,08,01,09,11,21,26,32,2012-10-28
12128,05,05,09,12,29,30,31,2012-10-30
12129,01,01,07,09,17,21,29,2012-11-01
12130,03,01,03,15,20,22,31,2012-11-04
12131,12,06,18,19,26,28,32,2012-11-06
12132,10,07,12,16,17,21,25,2012-11-08
12133,02,01,08,11,20,21,29,2012-11-11
12134,15,02,05,06,07,13,23,2012-11-13
12135,16,02,05,07,08,11,17,2012-11-15
12136,11,02,07,08,17,21,28,2012-11-18
12137,07,01,02,04,06,13,17,2012-11-20
12138,14,01,07,16,17,19,21,2012-11-22
12139,15,08,19,21,24,28,31,2012-11-25
12140,15,14,18,27,30,31,33,2012-11-27
12141,09,03,05,08,19,20,27,2012-11-29
12142,06,05,18,22,28,29,31,2012-12-02
12143,06,07,08,18,25,30,32,2012-12-04
12144,04,03,10,12,13,27,30,2012-12-06
12145,03,05,20,26,27,28,33,2012-12-09
12146,13,01,05,07,13,29,32,2012-12-11
12147,09,02,12,15,23,24,32,2012-12-13
12148,07,03,06,11,17,21,31,2012-12-16
12149,13,01,05,13,25,26,32,2012-12-18
12150,07,09,11,17,23,24,26,2012-12-20
12151,01,05,14,24,25,26,32,2012-12-23
12152,07,10,12,18,22,28,29,2012-12-25
12153,10,04,05,11,21,27,28,2012-12-27
12154,04,05,07,12,16,28,32,2012-12-30
13001,06,06,08,14,15,24,25,2013-01-01
13002,12,01,16,18,22,28,30,2013-01-03
13003,09,22,23,26,27,28,33,2013-01-06
13004,08,06,10,16,20,27,32,2013-01-08
13005,12,01,13,14,25,31,32,2013-01-10
13006,13,09,10,13,17,22,30,2013-01-13
13007,01,02,09,15,22,26,32,2013-01-15
13008,15,03,08,17,21,25,32,2013-01-17
13009,02,01,04,09,13,16,23,2013-01-20
13010,12,01,09,11,17,32,33,2013-01-22
13011,09,03,12,17,24,27,29,2013-01-24
13012,02,06,14,17,22,28,29,2013-01-27
13013,09,05,06,13,19,22,28,2013-01-29
13014,08,02,04,05,17,19,20,2013-01-31
13015,15,05,06,07,11,13,18,2013-02-03
13016,05,02,05,06,12,14,28,2013-02-05
13017,09,04,06,12,30,31,32,2013-02-07
13018,05,02,08,13,28,29,30,2013-02-17
13019,06,01,02,05,16,20,26,2013-02-19
13020,01,01,07,08,12,16,21,2013-02-21
13021,11,01,06,17,19,26,31,2013-02-24
13022,07,02,04,07,09,15,20,2013-02-26
13023,05,03,06,15,18,30,32,2013-02-28
13024,09,04,05,13,23,27,30,2013-03-03
13025,08,16,17,18,24,25,30,2013-03-05
13026,11,04,11,14,15,22,31,2013-03-07
13027,12,01,02,04,12,21,24,2013-03-10
13028,13,07,08,14,25,26,28,2013-03-12
13029,12,06,07,10,19,23,29,2013-03-14
13030,06,07,14,18,25,26,29,2013-03-17
13031,03,03,13,14,15,21,33,2013-03-19
13032,03,04,21,25,29,30,33,2013-03-21
13033,01,05,06,13,17,19,28,2013-03-24
13034,09,06,15,20,22,26,33,2013-03-26
13035,02,01,14,15,17,26,30,2013-03-28
13036,13,04,05,09,27,29,31,2013-03-31
13037,14,02,15,18,27,28,32,2013-04-02
13038,11,09,10,12,14,15,19,2013-04-04
13039,06,01,02,14,15,24,29,2013-04-07
13040,10,02,04,10,12,17,30,2013-04-09
13041,05,02,10,12,17,23,24,2013-04-11
13042,03,01,08,12,13,15,33,2013-04-14
13043,16,03,06,14,15,17,25,2013-04-16
13044,06,03,05,11,18,26,28,2013-04-18
13045,12,06,07,08,14,23,31,2013-04-21
13046,06,03,16,19,20,24,26,2013-04-23
13047,12,01,08,11,17,27,30,2013-04-25
13048,04,10,13,17,28,30,32,2013-04-28
13049,14,10,13,14,16,21,32,2013-04-30
13050,03,03,07,13,18,22,25,2013-05-02
13051,02,08,12,15,19,28,29,2013-05-05
13052,13,06,07,14,21,22,24,2013-05-07
13053,14,03,12,13,22,30,33,2013-05-09
13054,14,03,04,08,14,21,28,2013-05-12
13055,06,08,18,19,22,27,32,2013-05-14
13056,16,03,12,25,26,28,29,2013-05-16
13057,05,13,16,19,23,26,28,2013-05-19
13058,05,08,11,17,21,23,24,2013-05-21
13059,09,03,10,18,24,27,29,2013-05-23
13060,15,05,07,10,13,19,20,2013-05-26
13061,12,05,06,07,12,13,18,2013-05-28
13062,02,01,06,07,19,22,27,2013-05-30
13063,12,10,15,18,20,23,31,2013-06-02
13064,12,01,09,13,22,25,32,2013-06-04
13065,02,07,18,19,23,29,30,2013-06-06
13066,07,01,03,16,17,20,32,2013-06-09
13067,06,01,04,09,15,22,30,2013-06-11
13068,06,02,07,13,20,25,27,2013-06-13
13069,06,07,16,17,18,30,33,2013-06-16
13070,06,02,03,09,10,28,30,2013-06-18
13071,09,05,12,21,23,26,28,2013-06-20
13072,09,02,08,11,14,19,33,2013-06-23
13073,11,02,09,13,17,20,28,2013-06-25
13074,03,03,06,08,14,19,32,2013-06-27
13075,14,04,06,09,25,30,33,2013-06-30
13076,03,14,23,24,26,29,30,2013-07-02
13077,03,09,14,23,24,26,29,2013-07-04
13078,15,03,05,17,18,26,27,2013-07-07
13079,13,07,13,17,19,22,26,2013-07-09
13080,16,10,11,12,23,28,32,2013-07-11
13081,13,01,04,10,13,21,31,2013-07-14
13082,06,04,13,14,20,22,30,2013-07-16
13083,09,05,06,12,14,19,23,2013-07-18
13084,03,05,07,09,11,20,21,2013-07-21
13085,16,02,08,12,14,16,32,2013-07-23
13086,11,02,04,11,13,16,26,2013-07-25
13087,05,02,13,19,23,24,28,2013-07-28
13088,14,09,15,20,21,22,24,2013-07-30
13089,13,04,08,12,19,21,25,2013-08-01
13090,08,02,05,11,23,24,29,2013-08-04
13091,10,04,14,24,25,28,31,2013-08-06
13092,06,07,11,15,21,26,31,2013-08-08
13093,14,01,02,08,26,29,31,2013-08-11
13094,07,02,04,14,18,20,22,2013-08-13
13095,10,01,06,15,19,28,29,2013-08-15
13096,15,01,02,22,28,29,30,2013-08-18
13097,07,05,14,17,22,23,25,2013-08-20
13098,14,07,15,18,19,20,26,2013-08-22
13099,03,05,11,20,21,26,31,2013-08-25
13100,11,04,08,11,14,16,20,2013-08-27
13101,01,05,07,09,23,27,32,2013-08-29
13102,03,02,04,05,06,08,16,2013-09-01
13103,07,02,04,09,13,18,20,2013-09-03
13104,11,01,02,04,15,17,28,2013-09-05
13105,09,01,11,23,27,31,32,2013-09-08
13106,06,09,11,23,30,31,32,2013-09-10
13107,11,07,09,11,17,28,31,2013-09-12
13108,05,16,21,22,28,31,32,2013-09-15
13109,08,09,23,24,27,29,32,2013-09-17
13110,13,15,17,18,21,29,32,2013-09-19
13111,13,01,02,03,06,08,33,2013-09-22
13112,07,01,06,12,13,22,31,2013-09-24
13113,09,04,07,11,17,24,33,2013-09-26
13114,07,04,06,17,21,23,33,2013-09-29
13115,08,03,12,16,17,18,27,2013-10-01
13116,07,12,15,21,26,32,33,2013-10-03
13117,16,09,12,13,24,27,33,2013-10-06
13118,16,02,03,17,22,32,33,2013-10-08
13119,09,05,15,20,22,26,32,2013-10-10
13120,11,05,06,13,18,23,31,2013-10-13
13121,07,04,05,06,07,25,27,2013-10-15
13122,11,07,10,13,15,26,27,2013-10-17
13123,02,01,02,06,11,17,25,2013-10-20
13124,07,03,09,15,23,25,30,2013-10-22
13125,16,04,06,08,18,25,28,2013-10-24
13126,16,04,10,19,27,31,33,2013-10-27
13127,14,02,03,13,20,22,33,2013-10-29
13128,08,07,13,17,19,25,31,2013-10-31
13129,14,05,06,10,14,27,31,2013-11-03
13130,08,01,03,15,16,31,33,2013-11-05
13131,09,04,06,12,17,19,26,2013-11-07
13132,12,20,21,22,23,25,27,2013-11-10
13133,01,04,07,12,19,22,25,2013-11-12
13134,10,01,17,18,19,25,29,2013-11-14
13135,12,09,23,24,25,29,31,2013-11-17
13136,06,04,06,14,16,18,26,2013-11-19
13137,10,04,17,19,23,24,27,2013-11-21
13138,03,04,15,16,24,27,28,2013-11-24
13139,08,07,08,11,13,21,27,2013-11-26
13140,10,01,05,12,13,21,22,2013-11-28
13141,04,03,04,05,25,30,31,2013-12-01
13142,14,11,12,14,20,22,29,2013-12-03
13143,11,12,18,21,22,27,32,2013-12-05
13144,02,05,07,12,19,27,31,2013-12-08
13145,15,06,10,13,16,23,24,2013-12-10
13146,01,08,20,25,30,32,33,2013-12-12
13147,08,02,15,16,17,19,30,2013-12-15
13148,01,06,11,12,14,17,22,2013-12-17
13149,11,09,18,25,26,30,32,2013-12-19
13150,10,01,15,16,25,26,29,2013-12-22
13151,09,03,09,10,19,28,33,2013-12-24
13152,05,04,06,14,16,18,29,2013-12-26
13153,10,08,11,13,18,28,33,2013-12-29
13154,05,07,11,14,19,24,29,2013-12-31
14001,01,03,09,15,20,27,29,2014-01-02
14002,04,04,21,23,31,32,33,2014-01-05
14003,12,06,10,11,28,30,33,2014-01-07
14004,15,01,04,19,22,24,25,2014-01-09
14005,04,15,18,23,27,32,33,2014-01-12
14006,14,03,04,07,17,21,27,2014-01-14
14007,14,08,10,12,14,18,28,2014-01-16
14008,12,05,14,16,21,29,30,2014-01-19
14009,16,08,09,19,20,25,32,2014-01-21
14010,11,05,07,08,20,31,33,2014-01-23
14011,02,09,10,13,14,21,32,2014-01-26
14012,08,01,08,11,19,21,24,2014-01-28
14013,13,05,09,13,15,17,21,2014-02-09
14014,15,04,09,19,22,25,29,2014-02-11
14015,09,02,11,19,30,32,33,2014-02-13
14016,08,02,03,07,13,21,24,2014-02-16
14017,10,04,06,07,14,25,26,2014-02-18
14018,15,13,17,18,21,30,33,2014-02-20
14019,07,02,10,15,19,20,21,2014-02-23
14020,15,09,14,17,23,24,25,2014-02-25
14021,12,08,10,15,17,22,29,2014-02-27
14022,16,04,06,07,10,21,26,2014-03-02
14023,10,07,09,13,17,21,22,2014-03-04
14024,09,08,10,16,20,23,30,2014-03-06
14025,16,01,05,10,14,16,30,2014-03-09
14026,14,01,02,05,06,11,23,2014-03-11
14027,01,08,10,14,16,30,31,2014-03-13
14028,05,06,16,21,27,30,32,2014-03-16
14029,14,02,07,14,16,21,29,2014-03-18
14030,10,12,18,19,23,24,30,2014-03-20
14031,14,04,10,16,17,21,27,2014-03-23
14032,07,01,02,14,22,29,33,2014-03-25
14033,12,05,13,23,28,32,33,2014-03-27
14034,06,01,03,04,08,25,31,2014-03-30
14035,06,07,08,09,17,32,33,2014-04-01
14036,03,01,07,08,09,11,22,2014-04-03
14037,07,06,13,14,24,25,30,2014-04-06
14038,16,04,07,22,23,24,33,2014-04-08
14039,07,03,11,15,19,20,31,2014-04-10
14040,08,03,04,06,11,12,15,2014-04-13
14041,02,07,11,16,18,21,22,2014-04-15
14042,14,12,15,20,25,28,33,2014-04-17
14043,09,02,05,09,14,24,33,2014-04-20
14044,12,04,09,21,27,28,33,2014-04-22
14045,15,02,04,09,11,19,22,2014-04-24
14046,10,02,10,11,17,18,22,2014-04-27
14047,15,08,10,11,12,19,29,2014-04-29
14048,16,06,09,16,17,24,25,2014-05-01
14049,06,06,07,16,17,23,32,2014-05-04
14050,13,03,17,23,25,26,32,2014-05-06
14051,13,10,16,19,21,23,24,2014-05-08
14052,08,09,13,15,28,30,33,2014-05-11
14053,02,14,17,19,22,26,31,2014-05-13
14054,14,01,04,05,11,29,30,2014-05-15
14055,04,02,09,14,19,21,30,2014-05-18
14056,01,01,11,18,20,28,29,2014-05-20
14057,08,02,04,12,18,23,31,2014-05-22
14058,11,02,03,12,13,14,25,2014-05-25
14059,13,05,08,12,13,23,25,2014-05-27
14060,06,03,05,14,18,25,33,2014-05-29
14061,08,02,14,17,27,28,31,2014-06-01
14062,09,06,09,15,24,25,26,2014-06-03
14063,16,03,08,17,21,22,31,2014-06-05
14064,14,02,09,15,16,29,32,2014-06-08
14065,06,03,04,05,08,10,22,2014-06-10
14066,16,02,05,15,17,18,21,2014-06-12
14067,06,01,06,07,17,18,23,2014-06-15
14068,16,04,12,13,22,27,29,2014-06-17
14069,11,05,12,17,19,25,30,2014-06-19
14070,07,01,07,09,19,28,29,2014-06-22
14071,14,02,04,12,17,22,25,2014-06-24
14072,16,01,03,07,13,19,32,2014-06-26
14073,02,01,12,16,20,30,33,2014-06-29
14074,12,01,03,06,13,30,31,2014-07-01
14075,06,03,09,11,22,27,29,2014-07-03
14076,11,06,10,12,17,18,33,2014-07-06
14077,10,08,09,12,15,19,22,2014-07-08
14078,07,02,03,05,06,09,17,2014-07-10
14079,02,02,07,16,22,27,28,2014-07-13
14080,07,05,14,16,17,25,30,2014-07-15
14081,10,08,14,22,24,27,29,2014-07-17
14082,11,02,04,20,25,26,29,2014-07-20
14083,12,05,06,19,21,23,33,2014-07-22
14084,08,01,06,09,10,13,25,2014-07-24
14085,08,01,02,11,19,23,29,2014-07-27
14086,08,02,04,10,12,14,30,2014-07-29
14087,06,06,18,22,23,32,33,2014-07-31
14088,15,03,06,11,14,16,29,2014-08-03
14089,09,04,06,14,17,27,30,2014-08-05
14090,13,05,09,11,19,24,32,2014-08-07
14091,14,01,05,12,19,27,29,2014-08-10
14092,07,03,13,18,19,22,26,2014-08-12
14093,05,02,08,09,10,20,29,2014-08-14
14094,01,01,10,18,20,23,29,2014-08-17
14095,08,05,06,08,14,22,31,2014-08-19
14096,08,12,14,17,19,22,24,2014-08-21
14097,15,07,13,24,25,27,32,2014-08-24
14098,07,02,13,17,20,29,31,2014-08-26
14099,14,01,05,10,11,13,32,2014-08-28
14100,11,01,06,09,10,14,16,2014-08-31
14101,07,16,18,20,23,24,32,2014-09-02
14102,13,14,16,21,24,28,31,2014-09-04
14103,04,03,08,09,10,18,33,2014-09-07
14104,13,02,06,12,19,27,28,2014-09-09
14105,04,14,16,17,19,27,32,2014-09-11
14106,15,09,14,17,18,21,25,2014-09-14
14107,16,11,14,17,22,25,27,2014-09-16
14108,02,03,08,09,20,23,28,2014-09-18
14109,02,02,05,11,15,19,28,2014-09-21
14110,06,01,08,11,13,19,30,2014-09-23
14111,02,02,08,17,20,22,28,2014-09-25
14112,03,01,15,16,21,24,30,2014-09-28
14113,07,12,14,28,31,32,33,2014-09-30
14114,10,02,07,23,30,32,33,2014-10-02
14115,03,01,09,10,11,13,32,2014-10-05
14116,16,09,10,14,15,19,29,2014-10-07
14117,04,05,10,17,25,28,29,2014-10-09
14118,03,05,07,15,18,26,30,2014-10-12
14119,09,06,13,17,20,26,29,2014-10-14
14120,04,01,07,12,16,23,28,2014-10-16
14121,09,01,02,13,22,28,30,2014-10-19
14122,11,06,09,11,16,20,29,2014-10-21
14123,05,01,06,11,17,28,33,2014-10-23
14124,04,02,17,20,24,31,33,2014-10-26
14125,06,10,11,15,26,31,32,2014-10-28
14126,01,06,11,16,17,22,27,2014-10-30
14127,12,02,10,12,21,23,27,2014-11-02
14128,14,05,07,08,17,18,24,2014-11-04
14129,02,05,08,09,20,28,32,2014-11-06
14130,10,01,02,10,24,30,33,2014-11-09
14131,14,05,17,21,22,28,32,2014-11-11
14132,08,05,06,14,15,18,33,2014-11-13
14133,13,13,14,16,23,30,31,2014-11-16
14134,02,05,16,22,23,26,28,2014-11-18
14135,01,02,04,11,13,25,33,2014-11-20
14136,10,03,16,19,27,31,32,2014-11-23
14137,09,03,06,09,11,25,29,2014-11-25
14138,13,04,06,13,29,31,33,2014-11-27
14139,11,01,14,15,20,25,29,2014-11-30
14140,06,06,10,11,14,17,33,2014-12-02
14141,10,08,09,11,16,21,24,2014-12-04
14142,13,06,21,22,23,25,28,2014-12-07
14143,16,03,12,18,20,25,26,2014-12-09
14144,14,03,05,06,09,10,27,2014-12-11
14145,11,10,12,13,23,26,29,2014-12-14
14146,01,01,06,13,20,29,32,2014-12-16
14147,10,06,07,22,26,31,32,2014-12-18
14148,13,01,02,05,12,15,16,2014-12-21
14149,01,07,09,10,15,19,33,2014-12-23
14150,09,03,08,14,22,24,32,2014-12-25
14151,08,04,05,08,11,21,27,2014-12-28
14152,12,08,13,15,20,21,25,2014-12-30
15001,06,01,07,09,16,20,23,2015-01-01
15002,05,07,15,16,25,28,32,2015-01-04
15003,15,10,15,20,23,24,31,2015-01-06
15004,10,02,14,15,16,23,24,2015-01-08
15005,15,07,10,16,17,18,32,2015-01-11
15006,13,01,10,11,29,31,33,2015-01-13
15007,08,01,07,09,17,20,33,2015-01-15
15008,03,04,07,10,16,20,22,2015-01-18
15009,14,04,07,14,17,21,25,2015-01-20
15010,09,01,02,03,08,21,31,2015-01-22
15011,15,04,14,15,17,18,20,2015-01-25
15012,06,03,05,22,23,29,31,2015-01-27
15013,01,08,09,24,25,26,29,2015-01-29
15014,11,02,12,16,19,27,30,2015-02-01
15015,04,01,07,20,24,25,33,2015-02-03
15016,13,02,06,10,15,17,31,2015-02-05
15017,12,13,18,20,25,27,33,2015-02-08
15018,09,06,09,12,14,28,29,2015-02-10
15019,04,02,06,11,19,25,26,2015-02-12
15020,04,01,04,07,19,22,23,2015-02-15
15021,08,14,15,16,17,27,28,2015-02-17
15022,10,04,07,10,16,23,25,2015-02-26
15023,01,08,09,10,13,29,30,2015-03-01
15024,10,09,11,16,18,23,24,2015-03-03
15025,14,10,11,12,15,27,32,2015-03-05
15026,13,02,13,17,21,22,33,2015-03-08
15027,07,05,07,09,16,26,29,2015-03-10
15028,14,04,07,10,26,27,28,2015-03-12
15029,07,07,14,15,19,21,28,2015-03-15
15030,07,08,11,14,15,16,26,2015-03-17
15031,11,01,05,07,22,26,32,2015-03-19
15032,16,11,14,16,18,29,32,2015-03-22
15033,05,03,06,21,29,31,32,2015-03-24
15034,13,12,13,17,18,20,27,2015-03-26
15035,03,01,08,09,22,24,33,2015-03-29
15036,03,04,06,16,17,26,33,2015-03-31
15037,03,05,07,12,18,28,31,2015-04-02
15038,14,05,06,11,12,14,33,2015-04-05
15039,12,01,13,15,26,29,30,2015-04-07
15040,16,13,16,18,27,30,32,2015-04-09
15041,06,04,09,11,17,21,25,2015-04-12
15042,08,09,10,19,21,23,32,2015-04-14
15043,15,11,12,15,24,26,27,2015-04-16
15044,02,02,03,04,13,14,16,2015-04-19
15045,07,01,05,13,22,30,31,2015-04-21
15046,01,05,07,10,14,23,31,2015-04-23
15047,09,02,03,20,24,26,27,2015-04-26
15048,10,13,16,17,22,25,27,2015-04-28
15049,05,07,12,14,17,20,23,2015-04-30
15050,04,03,09,12,16,17,31,2015-05-03
15051,09,04,10,24,26,28,32,2015-05-05
15052,12,02,04,11,16,25,26,2015-05-07
15053,10,03,07,17,22,32,33,2015-05-10
15054,07,01,02,07,10,22,26,2015-05-12
15055,02,01,10,15,18,19,28,2015-05-14
15056,14,01,07,08,16,18,20,2015-05-17
15057,04,09,20,24,25,26,32,2015-05-19
15058,15,02,09,10,18,19,20,2015-05-21
15059,14,02,06,09,16,25,32,2015-05-24
15060,13,01,03,18,27,31,32,2015-05-26
15061,04,06,18,22,26,32,33,2015-05-28
15062,16,09,14,15,18,21,26,2015-05-31
15063,12,01,07,09,16,22,32,2015-06-02
15064,01,11,12,14,17,23,27,2015-06-04
15065,12,08,10,14,19,26,29,2015-06-07
15066,16,05,08,11,17,24,28,2015-06-09
15067,14,02,05,08,24,25,31,2015-06-11
15068,10,06,15,18,21,26,27,2015-06-14
15069,15,01,13,17,18,23,30,2015-06-16
15070,15,01,07,13,19,21,29,2015-06-18
15071,08,08,18,20,28,29,31,2015-06-21
15072,05,01,03,05,20,21,31,2015-06-23
15073,04,01,02,17,22,26,27,2015-06-25
15074,08,04,07,21,25,26,29,2015-06-28
15075,04,06,11,13,19,21,32,2015-06-30
15076,09,01,09,10,19,23,27,2015-07-02
15077,16,01,06,08,10,13,27,2015-07-05
15078,02,03,07,20,22,26,29,2015-07-07
15079,11,09,14,15,20,26,32,2015-07-09
15080,02,14,17,25,27,28,30,2015-07-12
15081,13,13,20,22,26,28,31,2015-07-14
15082,07,02,08,09,14,28,30,2015-07-16
15083,05,06,07,16,18,29,32,2015-07-19
15084,15,15,18,20,22,28,29,2015-07-21
15085,05,02,08,25,27,28,29,2015-07-23
15086,12,05,06,08,16,18,22,2015-07-26
15087,11,09,15,16,19,20,28,2015-07-28
15088,09,02,12,20,24,29,31,2015-07-30
15089,01,12,14,19,27,28,29,2015-08-02
15090,15,10,12,14,22,25,33,2015-08-04
15091,11,05,07,17,19,22,31,2015-08-06
15092,01,09,15,19,21,26,27,2015-08-09
15093,08,01,03,13,21,25,31,2015-08-11
15094,10,01,04,06,13,16,17,2015-08-13
15095,04,04,15,21,28,30,31,2015-08-16
15096,07,06,16,17,23,24,31,2015-08-18
15097,04,09,12,14,20,26,27,2015-08-20
15098,01,06,09,13,26,27,33,2015-08-23
15099,09,06,07,10,11,14,22,2015-08-25
15100,08,02,03,11,17,19,21,2015-08-27
15101,05,08,16,22,24,28,29,2015-08-30
15102,06,07,09,12,14,21,23,2015-09-01
15103,14,06,08,13,26,30,32,2015-09-03
15104,01,09,18,21,23,25,26,2015-09-06
15105,12,09,10,16,19,20,26,2015-09-08
15106,13,01,03,04,23,31,32,2015-09-10
15107,08,07,14,16,18,21,25,2015-09-13
15108,15,02,12,19,22,24,27,2015-09-15
15109,13,01,08,09,16,32,33,2015-09-17
15110,04,05,07,16,17,22,23,2015-09-20
15111,12,08,14,16,18,20,30,2015-09-22
15112,11,01,03,10,19,20,27,2015-09-24
15113,12,01,05,07,08,19,27,2015-09-27
15114,01,04,07,09,13,21,26,2015-09-29
15115,03,01,07,08,14,24,32,2015-10-01
15116,11,04,06,15,23,26,28,2015-10-04
15117,12,04,11,12,18,26,32,2015-10-06
15118,12,01,04,11,21,23,31,2015-10-08
15119,08,02,08,10,18,23,31,2015-10-11
15120,16,16,21,24,26,27,29,2015-10-13
15121,12,01,03,20,21,28,29,2015-10-15
15122,07,05,07,11,16,22,25,2015-10-18
15123,07,05,08,09,12,22,28,2015-10-20
15124,01,02,03,05,12,18,27,2015-10-22
15125,10,05,13,22,27,30,33,2015-10-25
15126,12,10,11,15,20,23,29,2015-10-27
15127,06,07,10,19,22,27,33,2015-10-29
15128,06,01,03,08,11,22,28,2015-11-01
15129,04,05,08,11,16,18,27,2015-11-03
15130,10,06,14,15,16,17,22,2015-11-05
15131,03,10,12,13,19,22,26,2015-11-08
15132,01,03,05,11,28,30,33,2015-11-10
15133,15,02,03,13,20,22,24,2015-11-12
15134,04,02,05,14,19,27,31,2015-11-15
15135,07,01,12,14,18,26,32,2015-11-17
15136,01,02,05,12,23,28,29,2015-11-19
15137,12,14,22,23,27,28,31,2015-11-22
15138,11,01,02,08,16,19,24,2015-11-24
15139,09,01,10,13,18,25,27,2015-11-26
15140,12,06,20,28,29,30,31,2015-11-29
15141,02,03,08,19,25,27,28,2015-12-01
15142,11,13,17,19,20,22,25,2015-12-03
15143,04,13,15,19,20,21,32,2015-12-06
15144,16,01,04,07,15,28,32,2015-12-08
15145,13,07,08,15,19,20,24,2015-12-10
15146,15,16,17,21,28,30,32,2015-12-13
15147,05,08,09,16,23,24,30,2015-12-15
15148,07,09,13,14,22,26,27,2015-12-17
15149,09,09,10,20,21,22,33,2015-12-20
15150,13,01,03,08,11,29,31,2015-12-22
15151,11,05,06,08,23,31,32,2015-12-24
15152,12,11,18,19,21,29,32,2015-12-27
15153,03,08,11,15,22,27,29,2015-12-29
15154,07,07,09,11,15,18,25,2015-12-31
16001,13,06,13,16,18,20,22,2016-01-03
16002,16,09,14,17,20,24,30,2016-01-05
16003,01,01,10,14,23,26,28,2016-01-07
16004,12,08,10,17,22,25,33,2016-01-10
16005,14,11,14,18,20,31,33,2016-01-12
16006,12,13,16,18,20,28,31,2016-01-14
16007,06,05,12,14,20,27,29,2016-01-17
16008,02,02,15,24,29,32,33,2016-01-19
16009,04,10,14,24,25,27,32,2016-01-21
16010,06,02,04,12,14,19,25,2016-01-24
16011,12,03,08,10,15,22,29,2016-01-26
16012,15,07,12,14,16,27,32,2016-01-28
16013,01,07,12,21,22,26,31,2016-01-31
16014,07,02,08,10,18,20,27,2016-02-02
16015,07,01,02,14,22,25,26,2016-02-04
16016,16,01,20,22,24,25,26,2016-02-14
16017,05,05,06,08,20,22,30,2016-02-16
16018,04,12,13,14,17,21,25,2016-02-18
16019,10,06,13,16,17,23,30,2016-02-21
16020,10,01,02,10,12,22,24,2016-02-23
16021,05,09,11,13,22,24,26,2016-02-25
16022,07,04,09,19,22,23,30,2016-02-28
16023,07,03,06,10,19,25,29,2016-03-01
16024,13,02,05,07,14,18,31,2016-03-03
16025,12,04,11,12,17,24,30,2016-03-06
16026,01,04,09,12,28,30,33,2016-03-08
16027,05,11,13,15,17,19,31,2016-03-10
16028,01,06,08,12,21,25,29,2016-03-13
16029,15,12,15,18,20,21,27,2016-03-15
16030,12,10,14,19,22,25,29,2016-03-17
16031,03,03,08,10,19,26,33,2016-03-20
16032,15,08,12,14,15,21,27,2016-03-22
16033,15,06,17,18,20,27,29,2016-03-24
16034,15,03,15,21,22,23,28,2016-03-27
16035,11,04,13,19,20,26,29,2016-03-29
16036,03,03,04,07,09,20,22,2016-03-31
16037,16,06,15,26,31,32,33,2016-04-03
16038,03,03,12,13,22,28,29,2016-04-05
16039,16,01,03,07,18,19,27,2016-04-07
16040,03,03,13,19,20,23,26,2016-04-10
16041,04,12,17,18,21,22,24,2016-04-12
16042,09,07,14,17,23,26,31,2016-04-14
16043,12,05,14,20,26,30,33,2016-04-17
16044,01,01,03,10,12,18,30,2016-04-19
16045,03,04,09,12,17,30,32,2016-04-21
16046,14,07,20,25,26,27,30,2016-04-24
16047,16,02,05,08,15,17,22,2016-04-26
16048,04,03,08,13,14,15,30,2016-04-28
16049,10,06,08,13,14,22,27,2016-05-01
16050,02,09,12,24,28,29,30,2016-05-03
16051,12,01,02,04,09,15,33,2016-05-05
16052,16,01,06,13,19,24,28,2016-05-08
16053,01,02,08,10,12,29,31,2016-05-10
16054,04,06,11,16,19,28,32,2016-05-12
16055,11,05,06,10,16,22,26,2016-05-15
16056,14,03,04,08,11,16,18,2016-05-17
16057,11,07,12,19,22,23,26,2016-05-19
16058,11,03,05,18,20,24,32,2016-05-22
16059,15,04,11,12,20,25,28,2016-05-24
16060,08,04,05,22,26,29,32,2016-05-26
16061,08,05,06,08,18,20,32,2016-05-29
16062,09,12,13,15,18,19,21,2016-05-31
16063,07,16,17,18,23,28,32,2016-06-02
16064,03,03,12,14,17,19,26,2016-06-05
16065,14,13,16,22,25,26,27,2016-06-07
16066,05,03,07,13,18,19,20,2016-06-09
16067,04,09,13,18,20,27,31,2016-06-12
16068,01,08,19,23,28,31,32,2016-06-14
16069,11,08,10,11,20,21,27,2016-06-16
16070,01,03,06,11,18,23,29,2016-06-19
16071,01,19,21,26,28,29,32,2016-06-21
16072,02,05,16,19,22,24,25,2016-06-23
16073,13,09,11,12,15,16,20,2016-06-26
16074,12,06,10,11,12,20,25,2016-06-28
16075,07,01,03,06,16,29,32,2016-06-30
16076,01,07,08,13,22,30,32,2016-07-03
16077,10,01,09,17,19,20,29,2016-07-05
16078,02,02,04,08,23,26,29,2016-07-07
16079,02,01,03,10,12,24,28,2016-07-10
16080,14,01,16,17,24,25,32,2016-07-12
16081,07,02,06,15,25,30,32,2016-07-14
16082,09,06,12,14,15,17,20,2016-07-17
16083,04,09,16,17,24,30,31,2016-07-19
16084,05,02,04,12,18,24,26,2016-07-21
16085,16,01,12,19,20,21,25,2016-07-24
16086,05,09,10,11,12,15,32,2016-07-26
16087,12,02,03,10,11,14,21,2016-07-28
16088,15,03,14,16,18,25,33,2016-07-31
16089,08,01,03,14,30,31,32,2016-08-02
16090,07,02,13,17,20,21,26,2016-08-04
16091,07,04,08,14,22,23,28,2016-08-07
16092,06,02,13,15,23,24,29,2016-08-09
16093,09,06,09,15,17,25,27,2016-08-11
16094,10,06,07,10,12,18,31,2016-08-14
16095,12,01,05,09,12,18,32,2016-08-16
16096,16,06,13,14,21,22,24,2016-08-18
16097,01,06,13,25,26,28,31,2016-08-21
16098,06,02,08,25,29,31,32,2016-08-23
16099,06,01,11,21,23,27,33,2016-08-25
16100,04,03,10,22,23,27,29,2016-08-28
16101,01,01,03,19,24,32,33,2016-08-30
16102,13,05,08,10,14,17,30,2016-09-01
16103,11,01,05,13,19,24,27,2016-09-04
16104,04,05,09,11,18,30,31,2016-09-06
16105,16,08,10,19,27,28,31,2016-09-08
16106,04,04,05,13,22,25,30,2016-09-11
16107,01,06,11,18,26,27,32,2016-09-13
16108,16,02,03,07,08,19,26,2016-09-15
16109,05,09,11,15,16,27,33,2016-09-18
16110,08,05,07,28,31,32,33,2016-09-20
16111,04,02,04,07,14,15,32,2016-09-22
16112,12,06,12,14,15,18,25,2016-09-25
16113,14,01,11,16,17,20,26,2016-09-27
16114,09,05,16,20,22,27,29,2016-09-29
16115,09,06,08,20,22,26,27,2016-10-02
16116,13,07,18,20,23,27,31,2016-10-04
16117,02,03,10,14,17,28,33,2016-10-06
16118,14,09,14,22,23,31,33,2016-10-09
16119,04,09,19,21,30,31,32,2016-10-11
16120,09,02,05,06,21,25,28,2016-10-13
16121,09,02,03,10,23,25,28,2016-10-16
16122,08,15,22,23,24,28,29,2016-10-18
16123,16,07,09,12,14,20,27,2016-10-20
16124,10,09,15,21,24,27,32,2016-10-23
16125,03,01,06,08,20,27,30,2016-10-25
16126,10,02,06,12,17,18,19,2016-10-27
16127,16,07,12,17,26,29,31,2016-10-30
16128,13,04,09,11,17,26,27,2016-11-01
16129,14,05,06,08,21,31,33,2016-11-03
16130,01,03,17,21,23,27,28,2016-11-06
16131,02,04,10,18,19,25,27,2016-11-08
16132,07,05,08,13,19,27,28,2016-11-10
16133,15,15,16,21,22,27,33,2016-11-13
16134,13,11,12,13,14,18,33,2016-11-15
16135,12,02,08,10,18,20,33,2016-11-17
16136,03,02,07,10,20,27,29,2016-11-20
16137,14,01,06,09,10,15,32,2016-11-22
16138,07,07,16,20,24,25,30,2016-11-24
16139,03,01,06,19,26,28,30,2016-11-27
16140,10,01,02,05,17,26,32,2016-11-29
16141,15,04,13,15,17,21,24,2016-12-01
16142,12,01,10,17,21,23,30,2016-12-04
16143,13,06,09,23,24,25,33,2016-12-06
16144,05,04,10,12,27,32,33,2016-12-08
16145,06,01,03,07,12,19,20,2016-12-11
16146,10,03,07,15,16,17,23,2016-12-13
16147,12,04,14,18,28,31,32,2016-12-15
16148,14,01,02,11,20,26,30,2016-12-18
16149,07,03,20,23,26,32,33,2016-12-20
16150,05,02,04,05,09,13,21,2016-12-22
16151,07,06,11,16,20,22,33,2016-12-25
16152,07,02,08,09,16,20,22,2016-12-27
16153,06,07,09,16,24,25,29,2016-12-29
17001,15,09,11,14,20,25,26,2017-01-01
17002,03,15,19,23,24,25,32,2017-01-03
17003,16,01,04,08,15,27,32,2017-01-05
17004,07,05,13,17,26,27,30,2017-01-08
17005,05,06,11,12,22,23,30,2017-01-10
17006,08,02,04,08,26,29,33,2017-01-12
17007,15,02,04,05,24,26,33,2017-01-15
17008,13,07,13,15,27,28,29,2017-01-17
17009,14,02,06,08,09,15,29,2017-01-19
17010,07,05,08,19,25,28,30,2017-01-22
17011,16,10,11,12,23,26,29,2017-01-24
17012,07,10,11,14,15,16,24,2017-01-26
17013,06,08,11,28,29,31,33,2017-02-05
17014,13,06,08,18,20,23,31,2017-02-07
17015,01,01,08,09,14,17,32,2017-02-09
17016,02,05,08,16,22,27,29,2017-02-12
17017,12,03,07,08,10,22,23,2017-02-14
17018,09,01,02,03,17,25,31,2017-02-16
17019,08,04,06,08,12,23,25,2017-02-19
17020,10,04,08,10,12,31,33,2017-02-21
17021,09,02,05,10,22,32,33,2017-02-23
17022,15,02,06,15,16,18,32,2017-02-26
17023,14,01,03,04,11,18,22,2017-02-28
17024,13,09,21,25,26,29,31,2017-03-02
17025,07,02,15,16,17,22,32,2017-03-05
17026,08,03,10,12,19,27,30,2017-03-07
17027,05,02,04,11,14,27,30,2017-03-09
17028,09,07,08,12,13,22,30,2017-03-12
17029,10,02,15,21,23,25,30,2017-03-14
17030,02,01,07,09,20,23,30,2017-03-16
17031,03,06,10,16,26,27,29,2017-03-19
17032,11,05,08,15,24,27,31,2017-03-21
17033,15,05,07,15,20,23,30,2017-03-23
17034,13,04,07,08,19,32,33,2017-03-26
17035,12,01,06,14,24,28,32,2017-03-28
17036,15,01,02,05,10,24,27,2017-03-30
17037,05,11,15,20,22,25,30,2017-04-02
17038,05,01,04,08,13,24,27,2017-04-04
17039,15,02,04,12,14,17,24,2017-04-06
17040,04,15,19,23,28,29,33,2017-04-09
17041,04,04,10,13,15,22,27,2017-04-11
17042,04,01,02,04,07,10,23,2017-04-13
17043,08,08,13,16,23,27,31,2017-04-16
17044,06,08,16,19,21,31,32,2017-04-18
17045,05,05,07,16,20,21,25,2017-04-20
17046,10,04,13,14,23,26,32,2017-04-23
17047,02,02,05,08,10,32,33,2017-04-25
17048,07,05,08,09,14,15,19,2017-04-27
17049,10,01,08,14,15,20,29,2017-04-30
17050,07,10,12,20,24,27,29,2017-05-02
17051,11,02,05,09,15,24,25,2017-05-04
17052,07,07,08,18,24,29,31,2017-05-07
17053,06,04,09,11,15,29,31,2017-05-09
17054,08,02,03,09,23,28,33,2017-05-11
17055,05,07,12,13,20,24,31,2017-05-14
17056,06,13,14,18,19,21,28,2017-05-16
17057,16,18,20,22,23,30,31,2017-05-18
17058,11,01,09,13,22,28,32,2017-05-21
17059,09,04,08,09,15,19,25,2017-05-23
17060,04,05,10,13,24,26,31,2017-05-25
17061,11,06,07,12,20,26,27,2017-05-28
17062,10,01,07,22,24,26,31,2017-05-30
17063,04,12,16,20,22,25,31,2017-06-01
17064,15,02,10,16,22,24,28,2017-06-04
17065,07,02,05,08,10,12,21,2017-06-06
17066,03,01,04,06,17,19,26,2017-06-08
17067,04,01,03,04,10,18,29,2017-06-11
17068,15,02,06,10,22,30,31,2017-06-13
17069,05,02,11,12,23,29,31,2017-06-15
17070,12,01,06,14,22,25,26,2017-06-18
17071,03,02,03,06,14,31,32,2017-06-20
17072,02,06,11,14,23,26,30,2017-06-22
17073,14,03,06,16,23,26,30,2017-06-25
17074,02,02,06,16,23,30,31,2017-06-27
17075,07,01,03,06,19,21,29,2017-06-29
17076,13,01,04,08,09,14,15,2017-07-02
17077,14,01,02,04,15,17,22,2017-07-04
17078,16,05,07,18,19,22,24,2017-07-06
17079,08,03,07,14,23,25,27,2017-07-09
17080,08,01,12,16,20,22,24,2017-07-11
17081,05,03,05,14,25,26,30,2017-07-13
17082,10,14,18,21,25,28,29,2017-07-16
17083,12,03,08,14,20,24,26,2017-07-18
17084,02,01,05,11,20,22,24,2017-07-20
17085,09,01,05,06,16,25,30,2017-07-23
17086,07,03,05,06,13,20,22,2017-07-25
17087,06,03,06,13,14,19,28,2017-07-27
17088,06,07,09,18,22,23,29,2017-07-30
17089,12,11,12,13,16,23,25,2017-08-01
17090,09,01,07,10,16,22,33,2017-08-03
17091,03,05,07,10,23,28,29,2017-08-06
17092,09,10,18,19,29,32,33,2017-08-08
17093,12,07,08,09,15,22,27,2017-08-10
17094,06,08,11,13,19,28,31,2017-08-13
17095,16,09,10,12,19,22,29,2017-08-15
17096,06,02,06,11,12,19,29,2017-08-17
17097,03,05,10,18,19,30,31,2017-08-20
17098,01,04,19,22,27,30,33,2017-08-22
17099,04,02,05,06,16,28,29,2017-08-24
17100,02,04,07,08,18,23,24,2017-08-27
17101,16,01,04,11,28,31,32,2017-08-29
17102,11,04,08,10,14,18,20,2017-08-31
17103,01,01,21,23,25,31,33,2017-09-03
17104,14,01,14,15,20,23,30,2017-09-05
17105,07,03,06,07,12,25,26,2017-09-07
17106,02,12,15,20,25,27,31,2017-09-10
17107,06,08,09,15,17,30,32,2017-09-12
17108,01,07,12,14,15,17,20,2017-09-14
17109,16,08,14,16,18,21,23,2017-09-17
17110,14,01,03,12,15,19,23,2017-09-19
17111,12,05,10,17,19,29,32,2017-09-21
17112,11,03,10,14,16,22,23,2017-09-24
17113,05,04,06,16,27,29,33,2017-09-26
17114,13,06,12,13,15,18,26,2017-09-28
17115,01,04,10,11,25,30,31,2017-10-01
17116,02,02,14,20,22,30,32,2017-10-03
17117,09,01,02,08,11,14,21,2017-10-05
17118,16,08,09,15,22,30,33,2017-10-08
17119,14,09,16,21,25,26,31,2017-10-10
17120,16,08,10,15,19,23,28,2017-10-12
17121,07,11,18,19,22,24,32,2017-10-15
17122,15,11,20,21,22,24,27,2017-10-17
17123,10,04,05,06,11,21,31,2017-10-19
17124,03,02,06,11,26,28,29,2017-10-22
17125,03,01,14,23,25,29,30,2017-10-24
17126,16,01,16,17,21,27,30,2017-10-26
17127,12,14,15,21,24,27,32,2017-10-29
17128,08,02,06,13,22,29,31,2017-10-31
17129,02,05,06,09,14,21,33,2017-11-02
17130,02,05,13,14,23,25,31,2017-11-05
17131,11,01,07,10,11,26,27,2017-11-07
17132,11,02,03,05,09,13,28,2017-11-09
17133,11,06,15,17,18,23,30,2017-11-12
17134,04,04,05,11,14,28,32,2017-11-14
17135,16,01,06,07,14,18,26,2017-11-16
17136,12,03,07,10,18,21,24,2017-11-19
17137,03,05,10,20,23,26,31,2017-11-21
17138,02,01,17,24,28,32,33,2017-11-23
17139,16,02,14,20,24,28,32,2017-11-26
17140,08,21,22,25,28,29,30,2017-11-28
17141,05,01,06,07,11,13,15,2017-11-30
17142,06,08,13,14,18,23,33,2017-12-03
17143,14,04,06,09,14,20,29,2017-12-05
17144,09,03,14,16,20,31,32,2017-12-07
17145,12,02,06,12,17,25,28,2017-12-10
17146,10,01,19,25,26,27,33,2017-12-12
17147,14,03,07,20,21,25,31,2017-12-14
17148,12,04,07,11,14,29,32,2017-12-17
17149,13,05,08,15,20,27,30,2017-12-19
17150,08,06,14,19,20,21,23,2017-12-21
17151,16,02,05,07,09,11,27,2017-12-24
17152,05,06,10,23,25,26,29,2017-12-26
17153,16,07,11,12,13,18,19,2017-12-28
17154,05,05,09,13,15,18,26,2017-12-31
18001,04,01,08,11,26,28,31,2018-01-02
18002,16,07,18,24,29,31,33,2018-01-04
18003,04,01,14,16,17,20,31,2018-01-07
18004,11,14,18,19,26,30,31,2018-01-09
18005,06,02,20,21,28,31,33,2018-01-11
18006,11,02,07,08,09,17,29,2018-01-14
18007,12,13,14,20,25,27,31,2018-01-16
18008,13,05,09,10,12,17,19,2018-01-18
18009,07,05,10,17,23,26,32,2018-01-21
18010,03,01,08,17,20,21,22,2018-01-23
18011,11,03,10,21,23,27,33,2018-01-25
18012,12,11,12,13,19,26,28,2018-01-28
18013,06,06,08,13,15,22,33,2018-01-30
18014,07,09,12,20,24,28,31,2018-02-01
18015,15,11,15,20,21,26,33,2018-02-04
18016,16,01,11,12,18,25,27,2018-02-06
18017,12,03,06,11,26,30,32,2018-02-08
18018,07,02,12,13,18,25,27,2018-02-11
18019,09,03,11,12,16,21,23,2018-02-13
18020,05,06,09,10,14,28,30,2018-02-22
18021,14,03,04,06,11,23,28,2018-02-25
18022,03,07,14,19,21,22,23,2018-02-27
18023,16,12,15,16,21,26,29,2018-03-01
18024,02,11,19,22,26,31,32,2018-03-04
18025,14,04,13,16,19,21,25,2018-03-06
18026,04,04,07,12,14,26,32,2018-03-08
18027,05,02,07,09,14,18,28,2018-03-11
18028,16,03,08,11,14,18,23,2018-03-13
18029,05,01,02,09,14,22,25,2018-03-15
18030,07,13,14,20,21,25,33,2018-03-18
18031,14,02,16,18,19,27,30,2018-03-20
18032,06,21,22,23,24,25,32,2018-03-22
18033,06,04,19,20,22,28,33,2018-03-25
18034,15,01,05,11,22,23,26,2018-03-27
18035,15,07,10,11,17,23,28,2018-03-29
18036,04,08,17,24,26,28,33,2018-04-01
18037,10,01,06,07,08,27,30,2018-04-03
18038,09,15,23,24,25,28,29,2018-04-05
18039,03,08,12,18,19,23,32,2018-04-08
18040,16,01,03,08,13,18,23,2018-04-10
18041,13,07,08,20,23,24,32,2018-04-12
18042,12,06,10,21,28,29,31,2018-04-15
18043,07,01,04,06,08,21,24,2018-04-17
18044,06,05,09,12,17,27,30,2018-04-19
18045,01,03,04,06,25,26,30,2018-04-22
18046,03,10,13,14,18,20,31,2018-04-24
18047,07,06,07,12,16,22,25,2018-04-26
18048,02,01,12,20,25,30,31,2018-04-29
18049,02,01,03,04,11,19,23,2018-05-01
18050,07,01,02,04,10,18,19,2018-05-03
18051,04,05,07,20,23,27,31,2018-05-06
18052,14,03,05,06,09,15,32,2018-05-08
18053,06,01,04,10,11,14,27,2018-05-10
18054,16,04,06,18,22,25,33,2018-05-13
18055,07,07,09,10,12,22,26,2018-05-15
18056,01,01,03,06,20,21,26,2018-05-17
18057,13,05,15,17,19,20,30,2018-05-20
18058,07,07,12,13,16,26,31,2018-05-22
18059,11,04,06,08,13,22,32,2018-05-24
18060,10,04,08,13,25,30,31,2018-05-27
18061,07,09,10,11,12,18,23,2018-05-29
18062,11,02,18,19,24,25,33,2018-05-31
18063,12,05,06,10,16,20,25,2018-06-03
18064,05,02,05,10,11,17,21,2018-06-05
18065,01,01,04,06,14,28,33,2018-06-07
18066,10,09,16,17,19,22,26,2018-06-10
18067,05,01,04,09,12,15,18,2018-06-12
18068,01,08,10,17,20,27,30,2018-06-14
18069,12,06,13,17,19,23,31,2018-06-17
18070,10,04,09,15,16,19,27,2018-06-19
18071,03,02,05,06,13,16,19,2018-06-21
18072,08,11,16,19,22,25,30,2018-06-24
18073,10,02,09,14,15,16,23,2018-06-26
18074,09,09,11,14,20,27,30,2018-06-28
18075,11,07,09,12,13,22,24,2018-07-01
18076,13,03,07,08,15,29,30,2018-07-03
18077,10,02,05,09,15,20,24,2018-07-05
18078,12,03,10,14,17,18,30,2018-07-08
18079,13,14,15,17,22,24,29,2018-07-10
18080,03,04,07,13,20,29,33,2018-07-12
18081,03,01,02,12,16,20,26,2018-07-15
18082,09,06,12,14,20,22,24,2018-07-17
18083,03,04,09,18,21,32,33,2018-07-19
18084,03,05,06,08,12,22,24,2018-07-22
18085,06,04,10,25,26,30,33,2018-07-24
18086,16,02,07,17,21,23,26,2018-07-26
18087,03,01,05,10,16,18,31,2018-07-29
18088,14,03,05,12,29,30,32,2018-07-31
18089,14,06,09,12,14,18,27,2018-08-02
18090,07,01,02,04,10,14,23,2018-08-05
18091,07,06,11,13,17,25,32,2018-08-07
18092,16,06,10,16,19,24,33,2018-08-09
18093,07,04,18,20,21,29,33,2018-08-12
18094,05,04,07,16,20,24,30,2018-08-14
18095,09,10,11,12,21,26,33,2018-08-16
18096,12,01,05,09,20,28,32,2018-08-19
18097,13,01,02,17,20,25,28,2018-08-21
18098,13,06,10,11,20,29,32,2018-08-23
18099,06,03,07,08,14,25,32,2018-08-26
18100,02,02,11,14,15,29,33,2018-08-28
18101,09,01,03,14,26,29,33,2018-08-30
18102,05,02,06,11,19,21,28,2018-09-02
18103,16,02,09,15,22,23,24,2018-09-04
18104,01,02,03,06,19,25,29,2018-09-06
18105,01,04,05,13,18,19,25,2018-09-09
18106,10,04,18,19,24,25,26,2018-09-11
18107,01,01,02,05,12,20,22,2018-09-13
18108,02,05,13,18,21,26,30,2018-09-16
18109,15,10,11,18,23,31,33,2018-09-18
18110,02,11,13,16,21,22,23,2018-09-20
18111,08,01,07,14,24,25,28,2018-09-23
18112,04,05,08,18,25,26,31,2018-09-25
18113,09,01,06,09,16,25,26,2018-09-27
18114,14,01,07,15,16,20,27,2018-09-30
18115,11,01,13,19,24,26,29,2018-10-02
18116,15,05,14,17,22,23,28,2018-10-04
18117,05,08,11,15,17,23,25,2018-10-07
18118,09,08,12,21,22,27,31,2018-10-09
18119,12,03,13,14,16,25,27,2018-10-11
18120,01,03,04,18,26,27,33,2018-10-14
18121,11,06,08,14,19,23,25,2018-10-16
18122,10,05,07,20,22,30,32,2018-10-18
18123,01,13,21,24,27,31,32,2018-10-21
18124,02,09,13,14,19,22,25,2018-10-23
18125,02,03,10,11,14,15,32,2018-10-25
18126,05,01,06,08,09,14,22,2018-10-28
18127,12,02,05,06,07,11,15,2018-10-30
18128,02,06,07,08,19,22,23,2018-11-01
18129,16,02,04,06,16,18,19,2018-11-04
18130,12,05,12,17,18,24,28,2018-11-06
18131,01,21,22,24,31,32,33,2018-11-08
18132,06,01,02,09,10,15,22,2018-11-11
18133,13,02,04,11,12,18,32,2018-11-13
18134,12,03,16,18,31,32,33,2018-11-15
18135,16,01,03,06,10,11,29,2018-11-18
18136,14,10,12,15,25,26,27,2018-11-20
18137,09,03,05,11,15,20,23,2018-11-22
18138,09,01,10,25,27,30,32,2018-11-25
18139,15,11,18,20,23,31,32,2018-11-27
18140,14,01,15,20,22,25,28,2018-11-29
18141,04,11,14,16,18,24,33,2018-12-02
18142,11,05,08,10,11,27,28,2018-12-04
18143,14,04,06,15,28,32,33,2018-12-06
18144,13,08,13,17,18,20,27,2018-12-09
18145,06,03,09,13,22,23,25,2018-12-11
18146,16,02,10,11,17,18,29,2018-12-13
18147,11,03,15,17,23,27,30,2018-12-16
18148,01,03,06,18,19,21,31,2018-12-18
18149,01,01,07,08,10,12,24,2018-12-20
18150,05,06,08,15,19,20,31,2018-12-23
18151,15,05,15,19,25,26,29,2018-12-25
18152,03,04,14,16,23,28,29,2018-12-27
18153,11,01,07,17,23,25,31,2018-12-30
19001,15,06,10,13,15,32,33,2019-01-01
19002,11,04,05,06,08,09,18,2019-01-03
19003,01,13,17,20,21,22,27,2019-01-06
19004,03,08,12,16,19,26,32,2019-01-08
19005,07,21,22,26,28,31,32,2019-01-10
19006,12,01,05,10,19,26,28,2019-01-13
19007,15,06,10,14,15,19,23,2019-01-15
19008,12,02,06,09,13,28,32,2019-01-17
19009,15,01,07,10,22,31,32,2019-01-20
19010,02,02,04,05,08,11,30,2019-01-22
19011,07,10,13,19,21,24,30,2019-01-24
19012,14,07,10,21,23,31,33,2019-01-27
19013,01,05,07,14,16,18,21,2019-01-29
19014,03,01,02,03,14,19,33,2019-01-31
19015,04,11,15,16,20,24,31,2019-02-03
19016,05,05,07,09,11,19,25,2019-02-12
19017,09,04,05,24,28,30,33,2019-02-14
19018,04,04,11,18,19,26,32,2019-02-17
19019,06,03,11,17,18,24,25,2019-02-19
19020,12,02,12,13,23,27,28,2019-02-21
19021,04,02,05,07,08,20,27,2019-02-24
19022,07,03,07,11,21,30,33,2019-02-26
19023,13,01,10,14,15,18,31,2019-02-28
19024,10,01,08,23,25,28,29,2019-03-03
19025,04,15,16,21,27,30,33,2019-03-05
19026,14,03,13,15,19,20,27,2019-03-07
19027,13,02,06,08,10,11,17,2019-03-10
19028,11,04,19,22,26,29,30,2019-03-12
19029,10,08,11,17,23,32,33,2019-03-14
19030,16,04,05,07,10,12,22,2019-03-17
19031,16,03,13,15,18,21,33,2019-03-19
19032,04,04,08,09,13,28,33,2019-03-21
19033,15,09,15,19,21,23,29,2019-03-24
19034,03,09,11,15,22,24,26,2019-03-26
19035,16,01,05,07,09,10,20,2019-03-28
19036,08,02,10,13,16,23,32,2019-03-31
19037,10,01,07,12,14,18,25,2019-04-02
19038,05,09,12,21,27,29,30,2019-04-04
19039,08,06,07,11,14,27,32,2019-04-07
19040,11,05,06,09,18,23,31,2019-04-09
19041,16,02,09,13,23,24,26,2019-04-11
19042,04,15,17,19,22,25,26,2019-04-14
19043,13,01,06,12,13,24,32,2019-04-16
19044,07,06,14,16,17,23,29,2019-04-18
19045,14,01,06,17,19,27,31,2019-04-21
19046,06,02,12,16,22,25,32,2019-04-23
19047,14,03,11,18,25,30,33,2019-04-25
19048,10,03,07,10,12,18,29,2019-04-28
19049,15,03,10,13,22,23,28,2019-04-30
19050,02,04,06,10,11,21,23,2019-05-02
19051,09,08,09,10,13,15,28,2019-05-05
19052,16,03,06,09,13,16,19,2019-05-07
19053,08,04,16,22,25,29,31,2019-05-09
19054,11,07,10,11,15,24,26,2019-05-12
19055,10,01,06,11,15,19,31,2019-05-14
19056,01,13,14,17,19,21,29,2019-05-16
19057,16,04,05,06,08,13,18,2019-05-19
19058,12,07,08,12,21,23,27,2019-05-21
19059,06,04,05,07,09,16,18,2019-05-23
19060,01,03,04,14,20,23,27,2019-05-26
19061,12,03,17,19,24,27,31,2019-05-28
19062,01,07,13,16,23,26,30,2019-05-30
19063,16,01,14,19,22,29,31,2019-06-02
19064,12,12,20,24,25,30,33,2019-06-04
19065,10,06,09,11,15,20,26,2019-06-06
19066,04,01,14,17,20,22,32,2019-06-09
19067,11,04,06,08,11,30,33,2019-06-11
19068,10,03,14,20,24,26,33,2019-06-13
19069,01,06,11,16,19,21,25,2019-06-16
19070,09,06,15,18,19,24,32,2019-06-18
19071,04,01,08,19,24,29,30,2019-06-20
19072,15,02,09,13,15,22,30,2019-06-23
19073,08,01,02,06,12,16,18,2019-06-25
19074,04,12,21,27,29,31,33,2019-06-27
19075,03,05,08,20,22,31,33,2019-06-30
19076,14,12,15,19,20,29,32,2019-07-02
19077,15,09,11,13,18,21,22,2019-07-04
19078,12,01,17,27,29,31,33,2019-07-07
19079,16,01,03,06,09,19,31,2019-07-09
19080,07,03,06,08,20,24,32,2019-07-11
19081,10,05,24,27,29,31,32,2019-07-14
19082,02,07,16,19,22,24,28,2019-07-16
19083,03,06,15,17,26,28,31,2019-07-18
19084,03,04,08,14,18,20,27,2019-07-21
19085,04,01,04,14,18,24,29,2019-07-23
19086,06,16,22,24,26,28,31,2019-07-25
19087,04,04,05,07,09,21,30,2019-07-28
19088,13,13,14,15,21,23,29,2019-07-30
19089,11,02,04,14,16,20,22,2019-08-01
19090,04,02,03,06,08,14,22,2019-08-04
19091,11,07,10,21,24,29,32,2019-08-06
19092,08,09,17,27,28,32,33,2019-08-08
19093,02,05,07,08,09,20,22,2019-08-11
19094,06,05,10,12,18,19,27,2019-08-13
